,기초지자체명,기초지자체 방문자 수,기초지자체 방문자 비율,월
0,강릉시,2976083.0,14.4,1월
1,고성군,943992.0,4.6,1월
2,동해시,925393.0,4.5,1월
3,삼척시,863188.0,4.2,1월
4,속초시,1994819.0,9.6,1월
5,양구군,195001.0,0.9,1월
6,양양군,1237698.0,6.0,1월
7,영월군,426306.0,2.1,1월
8,원주시,2278353.0,11.0,1월
9,인제군,637454.0,3.1,1월
10,정선군,722350.0,3.5,1월
11,철원군,510168.0,2.5,1월
12,춘천시,2314376.0,11.2,1월
13,태백시,420357.0,2.0,1월
14,평창군,1603492.0,7.7,1월
15,홍천군,1386206.0,6.7,1월
16,화천군,287075.0,1.4,1월
17,횡성군,998242.0,4.8,1월
18,가평군,1712705.0,1.2,1월
19,고양시 덕양구,4897463.0,3.5,1월
20,고양시 일산동구,4793964.0,3.5,1월
21,고양시 일산서구,3246077.0,2.3,1월
22,과천시,1434912.0,1.0,1월
23,광명시,3085035.0,2.2,1월
24,광주시,3599182.0,2.6,1월
25,구리시,3487338.0,2.5,1월
26,군포시,2045717.0,1.5,1월
27,김포시,4041730.0,2.9,1월
28,남양주시,5334936.0,3.9,1월
29,동두천시,713865.0,0.5,1월
30,부천시,5486961.0,4.0,1월
31,성남시 분당구,6599185.0,4.8,1월
32,성남시 수정구,2977125.0,2.2,1월
33,성남시 중원구,2004929.0,1.4,1월
34,수원시 권선구,3410074.0,2.5,1월
35,수원시 영통구,4189255.0,3.0,1월
36,수원시 장안구,2716311.0,2.0,1월
37,수원시 팔달구,4594449.0,3.3,1월
38,시흥시,3955843.0,2.9,1월
39,안산시 단원구,3790334.0,2.7,1월
40,안산시 상록구,2180225.0,1.6,1월
41,안성시,2607844.0,1.9,1월
42,안양시 동안구,3255922.0,2.4,1월
43,안양시 만안구,2204132.0,1.6,1월
44,양주시,2368273.0,1.7,1월
45,양평군,2438635.0,1.8,1월
46,여주시,1741173.0,1.3,1월
47,연천군,604814.0,0.4,1월
48,오산시,1997877.0,1.4,1월
49,용인시 기흥구,4544269.0,3.3,1월
50,용인시 수지구,2792108.0,2.0,1월
51,용인시 처인구,3325355.0,2.4,1월
52,의왕시,2117561.0,1.5,1월
53,의정부시,3248784.0,2.3,1월
54,이천시,3175712.0,2.3,1월
55,파주시,4235281.0,3.1,1월
56,평택시,3510280.0,2.5,1월
57,포천시,2168337.0,1.6,1월
58,하남시,4385775.0,3.2,1월
59,화성시,7307793.0,5.3,1월
60,거제시,1949944.0,6.6,1월
61,거창군,568107.0,1.9,1월
62,고성군,699925.0,2.4,1월
63,김해시,3357591.0,11.3,1월
64,남해군,709015.0,2.4,1월
65,밀양시,1120901.0,3.8,1월
66,사천시,1256757.0,4.2,1월
67,산청군,444672.0,1.5,1월
68,양산시,2671079.0,9.0,1월
69,의령군,326794.0,1.1,1월
70,진주시,1801045.0,6.1,1월
71,창녕군,752776.0,2.5,1월
72,창원시 마산합포구,2125620.0,7.2,1월
73,창원시 마산회원구,1652372.0,5.6,1월
74,창원시 성산구,2739566.0,9.2,1월
75,창원시 의창구,2442115.0,8.2,1월
76,창원시 진해구,1457526.0,4.9,1월
77,통영시,1381015.0,4.7,1월
78,하동군,499283.0,1.7,1월
79,함안군,798198.0,2.7,1월
80,함양군,380983.0,1.3,1월
81,합천군,503721.0,1.7,1월
82,경산시,2237933.0,8.8,1월
83,경주시,3340642.0,13.1,1월
84,고령군,446531.0,1.8,1월
85,구미시,2044262.0,8.0,1월
86,군위군,493189.0,1.9,1월
87,김천시,923825.0,3.6,1월
88,문경시,746918.0,2.9,1월
89,봉화군,318438.0,1.3,1월
90,상주시,933731.0,3.7,1월
91,성주군,530049.0,2.1,1월
92,안동시,1405041.0,5.5,1월
93,영덕군,908692.0,3.6,1월
94,영양군,130100.0,0.5,1월
95,영주시,708060.0,2.8,1월
96,영천시,926935.0,3.6,1월
97,예천군,519877.0,2.0,1월
98,울릉군,60716.0,0.2,1월
99,울진군,677779.0,2.7,1월
100,의성군,531030.0,2.1,1월
101,청도군,735384.0,2.9,1월
102,청송군,395893.0,1.6,1월
103,칠곡군,1456800.0,5.7,1월
104,포항시 남구,2460728.0,9.7,1월
105,포항시 북구,2535613.0,10.0,1월
106,광산구,3479083.0,23.1,1월
107,남구,1661659.0,11.0,1월
108,동구,2540604.0,16.9,1월
109,북구,3685077.0,24.5,1월
110,서구,3677561.0,24.4,1월
111,세종특별자치시,2441660.0,100.0,1월
112,괴산군,681988.0,3.9,1월
113,단양군,509990.0,2.9,1월
114,보은군,395231.0,2.3,1월
115,영동군,472062.0,2.7,1월
116,옥천군,756923.0,4.3,1월
117,음성군,1310534.0,7.5,1월
118,제천시,991579.0,5.7,1월
119,증평군,439525.0,2.5,1월
120,진천군,961768.0,5.5,1월
121,청주시 상당구,2304412.0,13.2,1월
122,청주시 서원구,2266211.0,13.0,1월
123,청주시 청원구,1934352.0,11.1,1월
124,청주시 흥덕구,2693453.0,15.4,1월
125,충주시,1763729.0,10.1,1월
126,강서구,2836937.0,6.6,1월
127,금정구,2168747.0,5.0,1월
128,기장군,3304100.0,7.7,1월
129,남구,2155285.0,5.0,1월
130,동구,2200360.0,5.1,1월
131,동래구,2699038.0,6.3,1월
132,부산진구,5430164.0,12.6,1월
133,북구,1912762.0,4.4,1월
134,사상구,2034505.0,4.7,1월
135,사하구,1880525.0,4.4,1월
136,서구,1596726.0,3.7,1월
137,수영구,2849225.0,6.6,1월
138,연제구,2117662.0,4.9,1월
139,영도구,1476477.0,3.4,1월
140,중구,2979717.0,6.9,1월
141,해운대구,5386438.0,12.5,1월
142,남구,2100439.0,7.9,1월
143,달서구,3998557.0,15.1,1월
144,달성군,2240905.0,8.5,1월
145,동구,4415567.0,16.7,1월
146,북구,3734435.0,14.1,1월
147,서구,1564950.0,5.9,1월
148,수성구,3670797.0,13.9,1월
149,중구,4719397.0,17.8,1월
150,고창군,694905.0,4.1,1월
151,군산시,1856874.0,10.8,1월
152,김제시,937291.0,5.5,1월
153,남원시,716146.0,4.2,1월
154,무주군,887283.0,5.2,1월
155,부안군,723719.0,4.2,1월
156,순창군,321543.0,1.9,1월
157,완주군,1454128.0,8.5,1월
158,익산시,1733892.0,10.1,1월
159,임실군,547588.0,3.2,1월
160,장수군,206619.0,1.2,1월
161,전주시 덕진구,2812875.0,16.4,1월
162,전주시 완산구,3060206.0,17.9,1월
163,정읍시,874157.0,5.1,1월
164,진안군,305536.0,1.8,1월
165,서귀포시,4400043.0,44.0,1월
166,제주시,5590239.0,56.0,1월
167,강화군,1271933.0,4.8,1월
168,계양구,2059598.0,7.8,1월
169,남동구,3984332.0,15.2,1월
170,동구,760067.0,2.9,1월
171,미추홀구,3256271.0,12.4,1월
172,부평구,3780619.0,14.4,1월
173,서구,3824439.0,14.6,1월
174,연수구,3381790.0,12.9,1월
175,옹진군,344004.0,1.3,1월
176,중구,3615967.0,13.8,1월
177,남구,3376126.0,31.1,1월
178,동구,1050202.0,9.7,1월
179,북구,1842869.0,17.0,1월
180,울주군,2516441.0,23.2,1월
181,중구,2078104.0,19.1,1월
182,강남구,16563951.0,11.6,1월
183,강동구,3850423.0,2.7,1월
184,강북구,2369478.0,1.7,1월
185,강서구,5987861.0,4.2,1월
186,관악구,4497274.0,3.1,1월
187,광진구,4894047.0,3.4,1월
188,구로구,4472615.0,3.1,1월
189,금천구,2364100.0,1.7,1월
190,노원구,4224730.0,3.0,1월
191,도봉구,2302105.0,1.6,1월
192,동대문구,4018683.0,2.8,1월
193,동작구,4037599.0,2.8,1월
194,마포구,8083624.0,5.6,1월
195,서대문구,5831560.0,4.1,1월
196,서초구,11467780.0,8.0,1월
197,성동구,4253244.0,3.0,1월
198,성북구,3595780.0,2.5,1월
199,송파구,8704873.0,6.1,1월
200,양천구,3182691.0,2.2,1월
201,영등포구,7917188.0,5.5,1월
202,용산구,6536793.0,4.6,1월
203,은평구,2913387.0,2.0,1월
204,종로구,8900897.0,6.2,1월
205,중구,9478629.0,6.6,1월
206,중랑구,2755726.0,1.9,1월
207,계룡시,432161.0,1.9,1월
208,공주시,1829517.0,8.2,1월
209,금산군,715846.0,3.2,1월
210,논산시,1233162.0,5.5,1월
211,당진시,1586338.0,7.1,1월
212,보령시,1405581.0,6.3,1월
213,부여군,823800.0,3.7,1월
214,서산시,1371698.0,6.1,1월
215,서천군,734903.0,3.3,1월
216,아산시,2544841.0,11.4,1월
217,예산군,1119909.0,5.0,1월
218,천안시 동남구,3124984.0,14.0,1월
219,천안시 서북구,2833957.0,12.7,1월
220,청양군,450282.0,2.0,1월
221,태안군,1126262.0,5.0,1월
222,홍성군,978383.0,4.4,1월
223,대덕구,2005876.0,12.3,1월
224,동구,2573180.0,15.8,1월
225,서구,4502422.0,27.6,1월
226,유성구,4125934.0,25.3,1월
227,중구,3086391.0,18.9,1월
228,강진군,455337.0,2.4,1월
229,고흥군,577163.0,3.1,1월
230,곡성군,360009.0,1.9,1월
231,광양시,1029133.0,5.5,1월
232,구례군,364271.0,1.9,1월
233,나주시,1244718.0,6.6,1월
234,담양군,1137256.0,6.0,1월
235,목포시,1891815.0,10.1,1월
236,무안군,1046423.0,5.6,1월
237,보성군,543124.0,2.9,1월
238,순천시,1941051.0,10.3,1월
239,신안군,490882.0,2.6,1월
240,여수시,2199683.0,11.7,1월
241,영광군,594862.0,3.2,1월
242,영암군,754883.0,4.0,1월
243,완도군,526435.0,2.8,1월
244,장성군,694542.0,3.7,1월
245,장흥군,441804.0,2.3,1월
246,진도군,414714.0,2.2,1월
247,함평군,447249.0,2.4,1월
248,해남군,716958.0,3.8,1월
249,화순군,938192.0,5.0,1월
250,강릉시,2453981.0,14.2,2월
251,고성군,803169.0,4.6,2월
252,동해시,767711.0,4.4,2월
253,삼척시,715674.0,4.1,2월
254,속초시,1561175.0,9.0,2월
255,양구군,144508.0,0.8,2월
256,양양군,1077626.0,6.2,2월
257,영월군,356629.0,2.1,2월
258,원주시,1982458.0,11.5,2월
259,인제군,504274.0,2.9,2월
260,정선군,562648.0,3.3,2월
261,철원군,414460.0,2.4,2월
262,춘천시,2035530.0,11.8,2월
263,태백시,353900.0,2.0,2월
264,평창군,1250214.0,7.2,2월
265,홍천군,1147853.0,6.6,2월
266,화천군,230232.0,1.3,2월
267,횡성군,915639.0,5.3,2월
268,가평군,1563780.0,1.3,2월
269,고양시 덕양구,4201405.0,3.5,2월
270,고양시 일산동구,4066452.0,3.4,2월
271,고양시 일산서구,2717053.0,2.3,2월
272,과천시,1182822.0,1.0,2월
273,광명시,2674076.0,2.2,2월
274,광주시,3007205.0,2.5,2월
275,구리시,2858544.0,2.4,2월
276,군포시,1725385.0,1.4,2월
277,김포시,3450715.0,2.9,2월
278,남양주시,4644961.0,3.9,2월
279,동두천시,600127.0,0.5,2월
280,부천시,4661835.0,3.9,2월
281,성남시 분당구,5515230.0,4.6,2월
282,성남시 수정구,2627047.0,2.2,2월
283,성남시 중원구,1730022.0,1.5,2월
284,수원시 권선구,2881312.0,2.4,2월
285,수원시 영통구,3604905.0,3.0,2월
286,수원시 장안구,2367745.0,2.0,2월
287,수원시 팔달구,4029614.0,3.4,2월
288,시흥시,3457523.0,2.9,2월
289,안산시 단원구,3252605.0,2.7,2월
290,안산시 상록구,1844060.0,1.5,2월
291,안성시,2374986.0,2.0,2월
292,안양시 동안구,2706255.0,2.3,2월
293,안양시 만안구,1921601.0,1.6,2월
294,양주시,2037584.0,1.7,2월
295,양평군,2172783.0,1.8,2월
296,여주시,1512594.0,1.3,2월
297,연천군,508690.0,0.4,2월
298,오산시,2163438.0,1.8,2월
299,용인시 기흥구,3885315.0,3.3,2월
300,용인시 수지구,2347796.0,2.0,2월
301,용인시 처인구,2942347.0,2.5,2월
302,의왕시,1816578.0,1.5,2월
303,의정부시,2734778.0,2.3,2월
304,이천시,2590005.0,2.2,2월
305,파주시,3590903.0,3.0,2월
306,평택시,3070146.0,2.6,2월
307,포천시,1801162.0,1.5,2월
308,하남시,3710156.0,3.1,2월
309,화성시,6502895.0,5.5,2월
310,거제시,1612271.0,6.3,2월
311,거창군,457470.0,1.8,2월
312,고성군,613107.0,2.4,2월
313,김해시,2904134.0,11.4,2월
314,남해군,571594.0,2.2,2월
315,밀양시,999974.0,3.9,2월
316,사천시,1037091.0,4.1,2월
317,산청군,384290.0,1.5,2월
318,양산시,2348504.0,9.2,2월
319,의령군,293896.0,1.2,2월
320,진주시,1531663.0,6.0,2월
321,창녕군,680480.0,2.7,2월
322,창원시 마산합포구,1819684.0,7.2,2월
323,창원시 마산회원구,1425345.0,5.6,2월
324,창원시 성산구,2159992.0,8.5,2월
325,창원시 의창구,2261811.0,8.9,2월
326,창원시 진해구,1269891.0,5.0,2월
327,통영시,1103506.0,4.3,2월
328,하동군,456651.0,1.8,2월
329,함안군,726851.0,2.9,2월
330,함양군,309004.0,1.2,2월
331,합천군,465805.0,1.8,2월
332,경산시,2065879.0,9.5,2월
333,경주시,2916230.0,13.4,2월
334,고령군,409118.0,1.9,2월
335,구미시,1698237.0,7.8,2월
336,군위군,451017.0,2.1,2월
337,김천시,804652.0,3.7,2월
338,문경시,649506.0,3.0,2월
339,봉화군,260596.0,1.2,2월
340,상주시,798299.0,3.7,2월
341,성주군,487368.0,2.2,2월
342,안동시,1165565.0,5.4,2월
343,영덕군,692350.0,3.2,2월
344,영양군,98366.0,0.5,2월
345,영주시,548624.0,2.5,2월
346,영천시,852133.0,3.9,2월
347,예천군,433752.0,2.0,2월
348,울릉군,62153.0,0.3,2월
349,울진군,525835.0,2.4,2월
350,의성군,465590.0,2.1,2월
351,청도군,712703.0,3.3,2월
352,청송군,310825.0,1.4,2월
353,칠곡군,1313642.0,6.0,2월
354,포항시 남구,2016011.0,9.3,2월
355,포항시 북구,2025930.0,9.3,2월
356,광산구,2860794.0,22.7,2월
357,남구,1375382.0,10.9,2월
358,동구,2223396.0,17.6,2월
359,북구,3076396.0,24.4,2월
360,서구,3090888.0,24.5,2월
361,세종특별자치시,2124894.0,100.0,2월
362,괴산군,608758.0,4.0,2월
363,단양군,441696.0,2.9,2월
364,보은군,349526.0,2.3,2월
365,영동군,385244.0,2.5,2월
366,옥천군,660453.0,4.4,2월
367,음성군,1173217.0,7.8,2월
368,제천시,824486.0,5.5,2월
369,증평군,380153.0,2.5,2월
370,진천군,831755.0,5.5,2월
371,청주시 상당구,1990134.0,13.2,2월
372,청주시 서원구,1954184.0,12.9,2월
373,청주시 청원구,1699525.0,11.2,2월
374,청주시 흥덕구,2368869.0,15.7,2월
375,충주시,1450679.0,9.6,2월
376,강서구,2498954.0,6.8,2월
377,금정구,1941592.0,5.3,2월
378,기장군,2740969.0,7.4,2월
379,남구,1950630.0,5.3,2월
380,동구,1940255.0,5.3,2월
381,동래구,2272980.0,6.2,2월
382,부산진구,4517657.0,12.3,2월
383,북구,1641812.0,4.5,2월
384,사상구,1766350.0,4.8,2월
385,사하구,1665382.0,4.5,2월
386,서구,1426654.0,3.9,2월
387,수영구,2399100.0,6.5,2월
388,연제구,1790839.0,4.9,2월
389,영도구,1282063.0,3.5,2월
390,중구,2434788.0,6.6,2월
391,해운대구,4566514.0,12.4,2월
392,남구,1812476.0,8.0,2월
393,달서구,3462796.0,15.3,2월
394,달성군,2010672.0,8.9,2월
395,동구,3845180.0,17.0,2월
396,북구,3154043.0,13.9,2월
397,서구,1350498.0,6.0,2월
398,수성구,3105382.0,13.7,2월
399,중구,3881695.0,17.2,2월
400,고창군,606656.0,4.2,2월
401,군산시,1545298.0,10.7,2월
402,김제시,776227.0,5.4,2월
403,남원시,587970.0,4.1,2월
404,무주군,639577.0,4.4,2월
405,부안군,607942.0,4.2,2월
406,순창군,280811.0,2.0,2월
407,완주군,1312744.0,9.1,2월
408,익산시,1466045.0,10.2,2월
409,임실군,466923.0,3.2,2월
410,장수군,168746.0,1.2,2월
411,전주시 덕진구,2431727.0,16.9,2월
412,전주시 완산구,2538312.0,17.6,2월
413,정읍시,701426.0,4.9,2월
414,진안군,265337.0,1.8,2월
415,서귀포시,3726626.0,43.5,2월
416,제주시,4831029.0,56.5,2월
417,강화군,1038420.0,4.6,2월
418,계양구,1765722.0,7.8,2월
419,남동구,3388251.0,15.0,2월
420,동구,686293.0,3.0,2월
421,미추홀구,2845680.0,12.6,2월
422,부평구,3095845.0,13.7,2월
423,서구,3397857.0,15.0,2월
424,연수구,2934267.0,13.0,2월
425,옹진군,328854.0,1.5,2월
426,중구,3099857.0,13.7,2월
427,남구,2874936.0,30.9,2월
428,동구,916799.0,9.9,2월
429,북구,1548022.0,16.7,2월
430,울주군,2190071.0,23.6,2월
431,중구,1766155.0,19.0,2월
432,강남구,13858769.0,11.4,2월
433,강동구,3307732.0,2.7,2월
434,강북구,2113562.0,1.7,2월
435,강서구,5171955.0,4.2,2월
436,관악구,3869349.0,3.2,2월
437,광진구,4209662.0,3.5,2월
438,구로구,3832935.0,3.1,2월
439,금천구,1968511.0,1.6,2월
440,노원구,3831507.0,3.1,2월
441,도봉구,1960983.0,1.6,2월
442,동대문구,3437511.0,2.8,2월
443,동작구,3384969.0,2.8,2월
444,마포구,6917811.0,5.7,2월
445,서대문구,5022405.0,4.1,2월
446,서초구,9459723.0,7.8,2월
447,성동구,3646553.0,3.0,2월
448,성북구,3221458.0,2.6,2월
449,송파구,7295382.0,6.0,2월
450,양천구,2703894.0,2.2,2월
451,영등포구,6670421.0,5.5,2월
452,용산구,5427635.0,4.5,2월
453,은평구,2502858.0,2.1,2월
454,종로구,7645538.0,6.3,2월
455,중구,7909950.0,6.5,2월
456,중랑구,2371396.0,1.9,2월
457,계룡시,332479.0,1.7,2월
458,공주시,1602033.0,8.4,2월
459,금산군,601181.0,3.1,2월
460,논산시,1075453.0,5.6,2월
461,당진시,1438650.0,7.5,2월
462,보령시,1101304.0,5.8,2월
463,부여군,679832.0,3.6,2월
464,서산시,1158430.0,6.1,2월
465,서천군,600357.0,3.1,2월
466,아산시,2325516.0,12.1,2월
467,예산군,946689.0,4.9,2월
468,천안시 동남구,2757076.0,14.4,2월
469,천안시 서북구,2436926.0,12.7,2월
470,청양군,332345.0,1.7,2월
471,태안군,938875.0,4.9,2월
472,홍성군,819660.0,4.3,2월
473,대덕구,1639534.0,12.0,2월
474,동구,2220397.0,16.2,2월
475,서구,3756599.0,27.5,2월
476,유성구,3489713.0,25.5,2월
477,중구,2573824.0,18.8,2월
478,강진군,362707.0,2.3,2월
479,고흥군,452596.0,2.9,2월
480,곡성군,309092.0,2.0,2월
481,광양시,898367.0,5.7,2월
482,구례군,309895.0,2.0,2월
483,나주시,1100242.0,7.0,2월
484,담양군,989259.0,6.3,2월
485,목포시,1602221.0,10.2,2월
486,무안군,925122.0,5.9,2월
487,보성군,437601.0,2.8,2월
488,순천시,1602324.0,10.2,2월
489,신안군,401588.0,2.5,2월
490,여수시,1798978.0,11.4,2월
491,영광군,462432.0,2.9,2월
492,영암군,658788.0,4.2,2월
493,완도군,377853.0,2.4,2월
494,장성군,613921.0,3.9,2월
495,장흥군,336875.0,2.1,2월
496,진도군,343811.0,2.2,2월
497,함평군,397451.0,2.5,2월
498,해남군,579009.0,3.7,2월
499,화순군,821861.0,5.2,2월
500,강릉시,2298799.0,13.3,3월
501,고성군,653067.0,3.8,3월
502,동해시,840212.0,4.9,3월
503,삼척시,762959.0,4.4,3월
504,속초시,1286410.0,7.5,3월
505,양구군,183108.0,1.1,3월
506,양양군,845823.0,4.9,3월
507,영월군,372574.0,2.2,3월
508,원주시,2792201.0,16.2,3월
509,인제군,449793.0,2.6,3월
510,정선군,402121.0,2.3,3월
511,철원군,465461.0,2.7,3월
512,춘천시,2805746.0,16.3,3월
513,태백시,383395.0,2.2,3월
514,평창군,750413.0,4.4,3월
515,홍천군,882556.0,5.1,3월
516,화천군,301357.0,1.7,3월
517,횡성군,763520.0,4.4,3월
518,가평군,1565916.0,1.1,3월
519,고양시 덕양구,4899628.0,3.5,3월
520,고양시 일산동구,4869848.0,3.4,3월
521,고양시 일산서구,3345991.0,2.4,3월
522,과천시,1536734.0,1.1,3월
523,광명시,3057125.0,2.2,3월
524,광주시,3466424.0,2.4,3월
525,구리시,3331345.0,2.3,3월
526,군포시,2036991.0,1.4,3월
527,김포시,4088180.0,2.9,3월
528,남양주시,5539831.0,3.9,3월
529,동두천시,726937.0,0.5,3월
530,부천시,5414232.0,3.8,3월
531,성남시 분당구,6690484.0,4.7,3월
532,성남시 수정구,3234894.0,2.3,3월
533,성남시 중원구,2195075.0,1.5,3월
534,수원시 권선구,3292474.0,2.3,3월
535,수원시 영통구,4645385.0,3.3,3월
536,수원시 장안구,2895402.0,2.0,3월
537,수원시 팔달구,4774774.0,3.4,3월
538,시흥시,4182699.0,2.9,3월
539,안산시 단원구,3878925.0,2.7,3월
540,안산시 상록구,2350414.0,1.7,3월
541,안성시,2901339.0,2.0,3월
542,안양시 동안구,3241550.0,2.3,3월
543,안양시 만안구,2372082.0,1.7,3월
544,양주시,2429251.0,1.7,3월
545,양평군,2188458.0,1.5,3월
546,여주시,1987190.0,1.4,3월
547,연천군,614985.0,0.4,3월
548,오산시,2391226.0,1.7,3월
549,용인시 기흥구,4750230.0,3.3,3월
550,용인시 수지구,2870428.0,2.0,3월
551,용인시 처인구,3565245.0,2.5,3월
552,의왕시,2201839.0,1.6,3월
553,의정부시,3175314.0,2.2,3월
554,이천시,3017810.0,2.1,3월
555,파주시,4231667.0,3.0,3월
556,평택시,3779172.0,2.7,3월
557,포천시,2178932.0,1.5,3월
558,하남시,4205384.0,3.0,3월
559,화성시,7790811.0,5.5,3월
560,거제시,1623444.0,5.7,3월
561,거창군,455160.0,1.6,3월
562,고성군,624769.0,2.2,3월
563,김해시,3359651.0,11.8,3월
564,남해군,541003.0,1.9,3월
565,밀양시,1066090.0,3.8,3월
566,사천시,1111225.0,3.9,3월
567,산청군,377115.0,1.3,3월
568,양산시,2720424.0,9.6,3월
569,의령군,300289.0,1.1,3월
570,진주시,1862477.0,6.6,3월
571,창녕군,702502.0,2.5,3월
572,창원시 마산합포구,2084460.0,7.3,3월
573,창원시 마산회원구,1641623.0,5.8,3월
574,창원시 성산구,2553567.0,9.0,3월
575,창원시 의창구,2576524.0,9.1,3월
576,창원시 진해구,1532000.0,5.4,3월
577,통영시,1013969.0,3.6,3월
578,하동군,742225.0,2.6,3월
579,함안군,782681.0,2.8,3월
580,함양군,302970.0,1.1,3월
581,합천군,431967.0,1.5,3월
582,경산시,3071107.0,12.7,3월
583,경주시,2912118.0,12.1,3월
584,고령군,493521.0,2.0,3월
585,구미시,2107148.0,8.7,3월
586,군위군,479011.0,2.0,3월
587,김천시,929566.0,3.9,3월
588,문경시,644331.0,2.7,3월
589,봉화군,274002.0,1.1,3월
590,상주시,860861.0,3.6,3월
591,성주군,530953.0,2.2,3월
592,안동시,1313160.0,5.4,3월
593,영덕군,550265.0,2.3,3월
594,영양군,106101.0,0.4,3월
595,영주시,626382.0,2.6,3월
596,영천시,896709.0,3.7,3월
597,예천군,473686.0,2.0,3월
598,울릉군,106912.0,0.4,3월
599,울진군,476015.0,2.0,3월
600,의성군,493774.0,2.0,3월
601,청도군,735431.0,3.0,3월
602,청송군,279175.0,1.2,3월
603,칠곡군,1523661.0,6.3,3월
604,포항시 남구,2121682.0,8.8,3월
605,포항시 북구,2131052.0,8.8,3월
606,광산구,3503107.0,22.6,3월
607,남구,1694144.0,10.9,3월
608,동구,2806713.0,18.1,3월
609,북구,3874998.0,25.0,3월
610,서구,3647433.0,23.5,3월
611,세종특별자치시,2677094.0,100.0,3월
612,괴산군,661433.0,3.6,3월
613,단양군,413121.0,2.3,3월
614,보은군,380268.0,2.1,3월
615,영동군,445595.0,2.4,3월
616,옥천군,770980.0,4.2,3월
617,음성군,1414910.0,7.7,3월
618,제천시,1002054.0,5.5,3월
619,증평군,462740.0,2.5,3월
620,진천군,1043842.0,5.7,3월
621,청주시 상당구,2364775.0,12.9,3월
622,청주시 서원구,2524738.0,13.8,3월
623,청주시 청원구,2157172.0,11.8,3월
624,청주시 흥덕구,2861476.0,15.6,3월
625,충주시,1789067.0,9.8,3월
626,강서구,2863433.0,6.8,3월
627,금정구,2535373.0,6.0,3월
628,기장군,2948908.0,7.0,3월
629,남구,2486440.0,5.9,3월
630,동구,2084676.0,4.9,3월
631,동래구,2555611.0,6.1,3월
632,부산진구,5339286.0,12.7,3월
633,북구,1818326.0,4.3,3월
634,사상구,2278034.0,5.4,3월
635,사하구,1965467.0,4.7,3월
636,서구,1642281.0,3.9,3월
637,수영구,2601307.0,6.2,3월
638,연제구,2102234.0,5.0,3월
639,영도구,1440510.0,3.4,3월
640,중구,2758744.0,6.5,3월
641,해운대구,4733548.0,11.2,3월
642,남구,2259164.0,8.4,3월
643,달서구,4286381.0,15.9,3월
644,달성군,2356709.0,8.8,3월
645,동구,4237072.0,15.8,3월
646,북구,3924126.0,14.6,3월
647,서구,1567819.0,5.8,3월
648,수성구,3618080.0,13.5,3월
649,중구,4644963.0,17.3,3월
650,고창군,657199.0,4.0,3월
651,군산시,1753894.0,10.7,3월
652,김제시,887496.0,5.4,3월
653,남원시,641460.0,3.9,3월
654,무주군,354817.0,2.2,3월
655,부안군,626453.0,3.8,3월
656,순창군,312482.0,1.9,3월
657,완주군,1591981.0,9.7,3월
658,익산시,1910851.0,11.6,3월
659,임실군,531470.0,3.2,3월
660,장수군,187877.0,1.1,3월
661,전주시 덕진구,2972313.0,18.1,3월
662,전주시 완산구,2966643.0,18.0,3월
663,정읍시,763728.0,4.6,3월
664,진안군,290076.0,1.8,3월
665,서귀포시,3496819.0,42.7,3월
666,제주시,4692568.0,57.3,3월
667,강화군,1121163.0,4.2,3월
668,계양구,2084827.0,7.9,3월
669,남동구,3946829.0,14.9,3월
670,동구,823951.0,3.1,3월
671,미추홀구,3433476.0,12.9,3월
672,부평구,3512818.0,13.2,3월
673,서구,4060829.0,15.3,3월
674,연수구,3656694.0,13.8,3월
675,옹진군,391023.0,1.5,3월
676,중구,3486138.0,13.1,3월
677,남구,3500321.0,32.0,3월
678,동구,1042095.0,9.5,3월
679,북구,1851785.0,16.9,3월
680,울주군,2514742.0,23.0,3월
681,중구,2026970.0,18.5,3월
682,강남구,16613106.0,11.3,3월
683,강동구,4032977.0,2.7,3월
684,강북구,2449530.0,1.7,3월
685,강서구,5845795.0,4.0,3월
686,관악구,4683255.0,3.2,3월
687,광진구,5180474.0,3.5,3월
688,구로구,4573369.0,3.1,3월
689,금천구,2392078.0,1.6,3월
690,노원구,4722424.0,3.2,3월
691,도봉구,2352462.0,1.6,3월
692,동대문구,4264550.0,2.9,3월
693,동작구,4360107.0,3.0,3월
694,마포구,8395535.0,5.7,3월
695,서대문구,6157185.0,4.2,3월
696,서초구,11322351.0,7.7,3월
697,성동구,4658102.0,3.2,3월
698,성북구,4059312.0,2.8,3월
699,송파구,8604295.0,5.8,3월
700,양천구,3236711.0,2.2,3월
701,영등포구,8083239.0,5.5,3월
702,용산구,6423381.0,4.4,3월
703,은평구,2927831.0,2.0,3월
704,종로구,9406407.0,6.4,3월
705,중구,9642667.0,6.6,3월
706,중랑구,2782525.0,1.9,3월
707,계룡시,380740.0,1.7,3월
708,공주시,1868173.0,8.1,3월
709,금산군,704747.0,3.1,3월
710,논산시,1277612.0,5.6,3월
711,당진시,1726805.0,7.5,3월
712,보령시,1092789.0,4.8,3월
713,부여군,705250.0,3.1,3월
714,서산시,1325846.0,5.8,3월
715,서천군,676912.0,2.9,3월
716,아산시,3050912.0,13.3,3월
717,예산군,1043992.0,4.5,3월
718,천안시 동남구,3686297.0,16.0,3월
719,천안시 서북구,3139857.0,13.7,3월
720,청양군,338363.0,1.5,3월
721,태안군,1027296.0,4.5,3월
722,홍성군,953029.0,4.1,3월
723,대덕구,2059815.0,12.0,3월
724,동구,2848548.0,16.6,3월
725,서구,4614593.0,26.9,3월
726,유성구,4632617.0,27.0,3월
727,중구,3011013.0,17.5,3월
728,강진군,389258.0,2.1,3월
729,고흥군,423886.0,2.3,3월
730,곡성군,395762.0,2.2,3월
731,광양시,1281442.0,7.0,3월
732,구례군,604016.0,3.3,3월
733,나주시,1343727.0,7.3,3월
734,담양군,1112335.0,6.1,3월
735,목포시,1815533.0,9.9,3월
736,무안군,1265982.0,6.9,3월
737,보성군,466742.0,2.5,3월
738,순천시,1864398.0,10.2,3월
739,신안군,467517.0,2.6,3월
740,여수시,1804711.0,9.9,3월
741,영광군,499857.0,2.7,3월
742,영암군,778565.0,4.3,3월
743,완도군,396516.0,2.2,3월
744,장성군,772213.0,4.2,3월
745,장흥군,340096.0,1.9,3월
746,진도군,316577.0,1.7,3월
747,함평군,467296.0,2.6,3월
748,해남군,589286.0,3.2,3월
749,화순군,911618.0,5.0,3월
750,강릉시,3008889.0,14.5,4월
751,고성군,911403.0,4.4,4월
752,동해시,925355.0,4.5,4월
753,삼척시,943817.0,4.6,4월
754,속초시,1830894.0,8.8,4월
755,양구군,269546.0,1.3,4월
756,양양군,1236057.0,6.0,4월
757,영월군,503366.0,2.4,4월
758,원주시,2557304.0,12.4,4월
759,인제군,627782.0,3.0,4월
760,정선군,546385.0,2.6,4월
761,철원군,573336.0,2.8,4월
762,춘천시,2632597.0,12.7,4월
763,태백시,404597.0,2.0,4월
764,평창군,1042797.0,5.0,4월
765,홍천군,1292091.0,6.2,4월
766,화천군,351444.0,1.7,4월
767,횡성군,1042089.0,5.0,4월
768,가평군,2366294.0,1.5,4월
769,고양시 덕양구,5494055.0,3.5,4월
770,고양시 일산동구,5315334.0,3.3,4월
771,고양시 일산서구,3515871.0,2.2,4월
772,과천시,2053575.0,1.3,4월
773,광명시,3373604.0,2.1,4월
774,광주시,4214117.0,2.7,4월
775,구리시,3915150.0,2.5,4월
776,군포시,2216129.0,1.4,4월
777,김포시,4220747.0,2.7,4월
778,남양주시,6392992.0,4.0,4월
779,동두천시,843300.0,0.5,4월
780,부천시,6394687.0,4.0,4월
781,성남시 분당구,7529348.0,4.7,4월
782,성남시 수정구,3487187.0,2.2,4월
783,성남시 중원구,2256421.0,1.4,4월
784,수원시 권선구,3494555.0,2.2,4월
785,수원시 영통구,4707819.0,3.0,4월
786,수원시 장안구,3227144.0,2.0,4월
787,수원시 팔달구,5418612.0,3.4,4월
788,시흥시,4493014.0,2.8,4월
789,안산시 단원구,4296218.0,2.7,4월
790,안산시 상록구,2466437.0,1.6,4월
791,안성시,3198323.0,2.0,4월
792,안양시 동안구,3266460.0,2.1,4월
793,안양시 만안구,2511687.0,1.6,4월
794,양주시,2872980.0,1.8,4월
795,양평군,2866141.0,1.8,4월
796,여주시,2554524.0,1.6,4월
797,연천군,784242.0,0.5,4월
798,오산시,2458146.0,1.5,4월
799,용인시 기흥구,4875134.0,3.1,4월
800,용인시 수지구,2929778.0,1.8,4월
801,용인시 처인구,4410372.0,2.8,4월
802,의왕시,2486427.0,1.6,4월
803,의정부시,3698765.0,2.3,4월
804,이천시,3544868.0,2.2,4월
805,파주시,4757017.0,3.0,4월
806,평택시,3845890.0,2.4,4월
807,포천시,2589132.0,1.6,4월
808,하남시,5021918.0,3.2,4월
809,화성시,8464954.0,5.3,4월
810,거제시,1690862.0,5.5,4월
811,거창군,531575.0,1.7,4월
812,고성군,753707.0,2.5,4월
813,김해시,3482360.0,11.4,4월
814,남해군,716998.0,2.3,4월
815,밀양시,1265702.0,4.1,4월
816,사천시,1306882.0,4.3,4월
817,산청군,523693.0,1.7,4월
818,양산시,2703800.0,8.8,4월
819,의령군,377900.0,1.2,4월
820,진주시,1662165.0,5.4,4월
821,창녕군,865907.0,2.8,4월
822,창원시 마산합포구,2071156.0,6.8,4월
823,창원시 마산회원구,1637836.0,5.3,4월
824,창원시 성산구,2649808.0,8.7,4월
825,창원시 의창구,2752562.0,9.0,4월
826,창원시 진해구,1677086.0,5.5,4월
827,통영시,1220733.0,4.0,4월
828,하동군,826201.0,2.7,4월
829,함안군,891369.0,2.9,4월
830,함양군,385050.0,1.3,4월
831,합천군,621067.0,2.0,4월
832,경산시,2256460.0,8.8,4월
833,경주시,3761701.0,14.7,4월
834,고령군,542439.0,2.1,4월
835,구미시,1932409.0,7.5,4월
836,군위군,575342.0,2.2,4월
837,김천시,1039774.0,4.1,4월
838,문경시,788455.0,3.1,4월
839,봉화군,333742.0,1.3,4월
840,상주시,959574.0,3.7,4월
841,성주군,599870.0,2.3,4월
842,안동시,1342338.0,5.2,4월
843,영덕군,691279.0,2.7,4월
844,영양군,128408.0,0.5,4월
845,영주시,616226.0,2.4,4월
846,영천시,986317.0,3.8,4월
847,예천군,543682.0,2.1,4월
848,울릉군,173757.0,0.7,4월
849,울진군,515157.0,2.0,4월
850,의성군,563599.0,2.2,4월
851,청도군,840467.0,3.3,4월
852,청송군,349629.0,1.4,4월
853,칠곡군,1623507.0,6.3,4월
854,포항시 남구,2243487.0,8.8,4월
855,포항시 북구,2214251.0,8.6,4월
856,광산구,3370495.0,22.4,4월
857,남구,1547917.0,10.3,4월
858,동구,2638751.0,17.6,4월
859,북구,3589879.0,23.9,4월
860,서구,3878227.0,25.8,4월
861,세종특별자치시,2512890.0,100.0,4월
862,괴산군,787591.0,4.0,4월
863,단양군,608417.0,3.1,4월
864,보은군,497204.0,2.5,4월
865,영동군,507743.0,2.6,4월
866,옥천군,955774.0,4.8,4월
867,음성군,1587120.0,8.0,4월
868,제천시,1148420.0,5.8,4월
869,증평군,488709.0,2.5,4월
870,진천군,1115127.0,5.6,4월
871,청주시 상당구,2773412.0,14.0,4월
872,청주시 서원구,2443562.0,12.3,4월
873,청주시 청원구,2131010.0,10.8,4월
874,청주시 흥덕구,2869275.0,14.5,4월
875,충주시,1879924.0,9.5,4월
876,강서구,3318821.0,7.5,4월
877,금정구,2288246.0,5.2,4월
878,기장군,3413250.0,7.7,4월
879,남구,2307959.0,5.2,4월
880,동구,2310291.0,5.2,4월
881,동래구,2710788.0,6.1,4월
882,부산진구,5550631.0,12.5,4월
883,북구,1863266.0,4.2,4월
884,사상구,2313942.0,5.2,4월
885,사하구,1789140.0,4.0,4월
886,서구,1615829.0,3.6,4월
887,수영구,2964305.0,6.7,4월
888,연제구,2231110.0,5.0,4월
889,영도구,1478646.0,3.3,4월
890,중구,3103766.0,7.0,4월
891,해운대구,5100186.0,11.5,4월
892,남구,2165759.0,8.0,4월
893,달서구,4046738.0,15.0,4월
894,달성군,2521478.0,9.4,4월
895,동구,4453931.0,16.5,4월
896,북구,3544782.0,13.2,4월
897,서구,1526805.0,5.7,4월
898,수성구,3776432.0,14.0,4월
899,중구,4877365.0,18.1,4월
900,고창군,834834.0,4.8,4월
901,군산시,1785335.0,10.3,4월
902,김제시,968832.0,5.6,4월
903,남원시,785097.0,4.5,4월
904,무주군,452863.0,2.6,4월
905,부안군,784172.0,4.5,4월
906,순창군,394285.0,2.3,4월
907,완주군,1705446.0,9.9,4월
908,익산시,1654760.0,9.6,4월
909,임실군,685186.0,4.0,4월
910,장수군,220657.0,1.3,4월
911,전주시 덕진구,2792999.0,16.1,4월
912,전주시 완산구,2938877.0,17.0,4월
913,정읍시,865664.0,5.0,4월
914,진안군,435046.0,2.5,4월
915,서귀포시,4254954.0,44.9,4월
916,제주시,5215911.0,55.1,4월
917,강화군,1426993.0,4.7,4월
918,계양구,2545526.0,8.4,4월
919,남동구,4547413.0,15.1,4월
920,동구,827761.0,2.7,4월
921,미추홀구,3747270.0,12.4,4월
922,부평구,4348614.0,14.4,4월
923,서구,4234734.0,14.0,4월
924,연수구,3758987.0,12.4,4월
925,옹진군,547558.0,1.8,4월
926,중구,4217170.0,14.0,4월
927,남구,3387763.0,30.8,4월
928,동구,1044339.0,9.5,4월
929,북구,1857977.0,16.9,4월
930,울주군,2680450.0,24.4,4월
931,중구,2033589.0,18.5,4월
932,강남구,18168079.0,11.0,4월
933,강동구,4364195.0,2.6,4월
934,강북구,2682070.0,1.6,4월
935,강서구,6340264.0,3.8,4월
936,관악구,4867648.0,2.9,4월
937,광진구,5854023.0,3.5,4월
938,구로구,4966650.0,3.0,4월
939,금천구,2614666.0,1.6,4월
940,노원구,4908708.0,3.0,4월
941,도봉구,2556505.0,1.5,4월
942,동대문구,4435085.0,2.7,4월
943,동작구,4642670.0,2.8,4월
944,마포구,9643042.0,5.8,4월
945,서대문구,6489419.0,3.9,4월
946,서초구,13120167.0,7.9,4월
947,성동구,5143944.0,3.1,4월
948,성북구,4491470.0,2.7,4월
949,송파구,10470021.0,6.3,4월
950,양천구,3493638.0,2.1,4월
951,영등포구,9867056.0,6.0,4월
952,용산구,7784712.0,4.7,4월
953,은평구,2960257.0,1.8,4월
954,종로구,11045109.0,6.7,4월
955,중구,11422239.0,6.9,4월
956,중랑구,2964000.0,1.8,4월
957,계룡시,409873.0,1.6,4월
958,공주시,2267118.0,8.9,4월
959,금산군,837563.0,3.3,4월
960,논산시,1327037.0,5.2,4월
961,당진시,2158592.0,8.5,4월
962,보령시,1405002.0,5.5,4월
963,부여군,907146.0,3.6,4월
964,서산시,1757508.0,6.9,4월
965,서천군,833926.0,3.3,4월
966,아산시,2848133.0,11.2,4월
967,예산군,1311998.0,5.1,4월
968,천안시 동남구,3474162.0,13.6,4월
969,천안시 서북구,2965377.0,11.6,4월
970,청양군,415682.0,1.6,4월
971,태안군,1617407.0,6.3,4월
972,홍성군,981438.0,3.8,4월
973,대덕구,2001813.0,12.1,4월
974,동구,2673574.0,16.1,4월
975,서구,4403862.0,26.5,4월
976,유성구,4389115.0,26.4,4월
977,중구,3140605.0,18.9,4월
978,강진군,534434.0,2.7,4월
979,고흥군,518871.0,2.6,4월
980,곡성군,508169.0,2.5,4월
981,광양시,1055667.0,5.2,4월
982,구례군,678692.0,3.4,4월
983,나주시,1396961.0,6.9,4월
984,담양군,1280755.0,6.4,4월
985,목포시,1887145.0,9.4,4월
986,무안군,1218063.0,6.0,4월
987,보성군,614964.0,3.1,4월
988,순천시,1990491.0,9.9,4월
989,신안군,644863.0,3.2,4월
990,여수시,1947164.0,9.7,4월
991,영광군,590810.0,2.9,4월
992,영암군,957713.0,4.8,4월
993,완도군,429616.0,2.1,4월
994,장성군,807642.0,4.0,4월
995,장흥군,423323.0,2.1,4월
996,진도군,361990.0,1.8,4월
997,함평군,534855.0,2.7,4월
998,해남군,663997.0,3.3,4월
999,화순군,1101076.0,5.5,4월
1000,강릉시,3044304.0,12.5,5월
1001,고성군,1141579.0,4.7,5월
1002,동해시,1032077.0,4.3,5월
1003,삼척시,1025372.0,4.2,5월
1004,속초시,2218175.0,9.1,5월
1005,양구군,284286.0,1.2,5월
1006,양양군,1625010.0,6.7,5월
1007,영월군,652947.0,2.7,5월
1008,원주시,2864249.0,11.8,5월
1009,인제군,840423.0,3.5,5월
1010,정선군,739463.0,3.0,5월
1011,철원군,676294.0,2.8,5월
1012,춘천시,2911134.0,12.0,5월
1013,태백시,455097.0,1.9,5월
1014,평창군,1399684.0,5.8,5월
1015,홍천군,1628537.0,6.7,5월
1016,화천군,406478.0,1.7,5월
1017,횡성군,1316105.0,5.4,5월
1018,가평군,2828453.0,1.7,5월
1019,고양시 덕양구,5935904.0,3.5,5월
1020,고양시 일산동구,5584699.0,3.3,5월
1021,고양시 일산서구,3854058.0,2.3,5월
1022,과천시,2047362.0,1.2,5월
1023,광명시,3632072.0,2.2,5월
1024,광주시,4224419.0,2.5,5월
1025,구리시,4203706.0,2.5,5월
1026,군포시,2303457.0,1.4,5월
1027,김포시,4610771.0,2.7,5월
1028,남양주시,6722119.0,4.0,5월
1029,동두천시,861895.0,0.5,5월
1030,부천시,6346858.0,3.8,5월
1031,성남시 분당구,7717970.0,4.6,5월
1032,성남시 수정구,3682428.0,2.2,5월
1033,성남시 중원구,2400042.0,1.4,5월
1034,수원시 권선구,3701320.0,2.2,5월
1035,수원시 영통구,4977681.0,3.0,5월
1036,수원시 장안구,3309806.0,2.0,5월
1037,수원시 팔달구,5757530.0,3.4,5월
1038,시흥시,4832060.0,2.9,5월
1039,안산시 단원구,4636944.0,2.8,5월
1040,안산시 상록구,2526089.0,1.5,5월
1041,안성시,3537225.0,2.1,5월
1042,안양시 동안구,3591970.0,2.1,5월
1043,안양시 만안구,2754785.0,1.6,5월
1044,양주시,3024149.0,1.8,5월
1045,양평군,2906727.0,1.7,5월
1046,여주시,2498194.0,1.5,5월
1047,연천군,864476.0,0.5,5월
1048,오산시,2627183.0,1.6,5월
1049,용인시 기흥구,5239195.0,3.1,5월
1050,용인시 수지구,3134621.0,1.9,5월
1051,용인시 처인구,4744115.0,2.8,5월
1052,의왕시,2759389.0,1.6,5월
1053,의정부시,3663884.0,2.2,5월
1054,이천시,3625993.0,2.2,5월
1055,파주시,5077251.0,3.0,5월
1056,평택시,4129885.0,2.5,5월
1057,포천시,2959897.0,1.8,5월
1058,하남시,5089178.0,3.0,5월
1059,화성시,8864544.0,5.3,5월
1060,거제시,1997775.0,5.9,5월
1061,거창군,643680.0,1.9,5월
1062,고성군,844896.0,2.5,5월
1063,김해시,3907907.0,11.5,5월
1064,남해군,812772.0,2.4,5월
1065,밀양시,1410165.0,4.2,5월
1066,사천시,1415817.0,4.2,5월
1067,산청군,675735.0,2.0,5월
1068,양산시,2887927.0,8.5,5월
1069,의령군,419169.0,1.2,5월
1070,진주시,1908077.0,5.6,5월
1071,창녕군,945080.0,2.8,5월
1072,창원시 마산합포구,2273643.0,6.7,5월
1073,창원시 마산회원구,1826607.0,5.4,5월
1074,창원시 성산구,2849239.0,8.4,5월
1075,창원시 의창구,3027148.0,8.9,5월
1076,창원시 진해구,1566053.0,4.6,5월
1077,통영시,1407538.0,4.2,5월
1078,하동군,709327.0,2.1,5월
1079,함안군,1079583.0,3.2,5월
1080,함양군,472420.0,1.4,5월
1081,합천군,833172.0,2.5,5월
1082,경산시,2506584.0,8.9,5월
1083,경주시,3694449.0,13.1,5월
1084,고령군,564971.0,2.0,5월
1085,구미시,2107388.0,7.5,5월
1086,군위군,641788.0,2.3,5월
1087,김천시,1094894.0,3.9,5월
1088,문경시,950001.0,3.4,5월
1089,봉화군,395142.0,1.4,5월
1090,상주시,1114823.0,3.9,5월
1091,성주군,651257.0,2.3,5월
1092,안동시,1563766.0,5.5,5월
1093,영덕군,803464.0,2.8,5월
1094,영양군,158583.0,0.6,5월
1095,영주시,746996.0,2.6,5월
1096,영천시,1092639.0,3.9,5월
1097,예천군,609144.0,2.2,5월
1098,울릉군,259744.0,0.9,5월
1099,울진군,625344.0,2.2,5월
1100,의성군,655527.0,2.3,5월
1101,청도군,864884.0,3.1,5월
1102,청송군,417514.0,1.5,5월
1103,칠곡군,1755125.0,6.2,5월
1104,포항시 남구,2432822.0,8.6,5월
1105,포항시 북구,2532213.0,9.0,5월
1106,광산구,3478732.0,22.4,5월
1107,남구,1589469.0,10.2,5월
1108,동구,2823985.0,18.2,5월
1109,북구,3739897.0,24.1,5월
1110,서구,3913009.0,25.2,5월
1111,세종특별자치시,2768022.0,100.0,5월
1112,괴산군,913138.0,4.1,5월
1113,단양군,831898.0,3.8,5월
1114,보은군,537329.0,2.4,5월
1115,영동군,606917.0,2.7,5월
1116,옥천군,982553.0,4.5,5월
1117,음성군,1765328.0,8.0,5월
1118,제천시,1388694.0,6.3,5월
1119,증평군,550853.0,2.5,5월
1120,진천군,1210597.0,5.5,5월
1121,청주시 상당구,2826271.0,12.8,5월
1122,청주시 서원구,2657705.0,12.0,5월
1123,청주시 청원구,2448576.0,11.1,5월
1124,청주시 흥덕구,3187946.0,14.4,5월
1125,충주시,2166565.0,9.8,5월
1126,강서구,3277041.0,6.6,5월
1127,금정구,2598409.0,5.2,5월
1128,기장군,3926397.0,7.9,5월
1129,남구,2544870.0,5.1,5월
1130,동구,2687851.0,5.4,5월
1131,동래구,3090237.0,6.2,5월
1132,부산진구,6256838.0,12.6,5월
1133,북구,2062567.0,4.2,5월
1134,사상구,2389245.0,4.8,5월
1135,사하구,2001527.0,4.0,5월
1136,서구,1842718.0,3.7,5월
1137,수영구,3421675.0,6.9,5월
1138,연제구,2368472.0,4.8,5월
1139,영도구,1752337.0,3.5,5월
1140,중구,3424750.0,6.9,5월
1141,해운대구,5905037.0,11.9,5월
1142,남구,2215710.0,7.8,5월
1143,달서구,4325065.0,15.2,5월
1144,달성군,2472555.0,8.7,5월
1145,동구,4744245.0,16.7,5월
1146,북구,3761145.0,13.2,5월
1147,서구,1611534.0,5.7,5월
1148,수성구,4015424.0,14.1,5월
1149,중구,5270683.0,18.5,5월
1150,고창군,895172.0,4.9,5월
1151,군산시,2027437.0,11.0,5월
1152,김제시,970457.0,5.3,5월
1153,남원시,895799.0,4.9,5월
1154,무주군,566721.0,3.1,5월
1155,부안군,882741.0,4.8,5월
1156,순창군,407054.0,2.2,5월
1157,완주군,1698656.0,9.2,5월
1158,익산시,1786416.0,9.7,5월
1159,임실군,740069.0,4.0,5월
1160,장수군,240824.0,1.3,5월
1161,전주시 덕진구,2923618.0,15.9,5월
1162,전주시 완산구,3131199.0,17.0,5월
1163,정읍시,878417.0,4.8,5월
1164,진안군,400611.0,2.2,5월
1165,서귀포시,4127214.0,44.2,5월
1166,제주시,5211568.0,55.8,5월
1167,강화군,1559862.0,4.9,5월
1168,계양구,2579381.0,8.1,5월
1169,남동구,4819130.0,15.1,5월
1170,동구,892955.0,2.8,5월
1171,미추홀구,3985432.0,12.5,5월
1172,부평구,4297197.0,13.5,5월
1173,서구,4412208.0,13.9,5월
1174,연수구,3879285.0,12.2,5월
1175,옹진군,660981.0,2.1,5월
1176,중구,4736542.0,14.9,5월
1177,남구,3922204.0,31.6,5월
1178,동구,1201187.0,9.7,5월
1179,북구,2057067.0,16.6,5월
1180,울주군,2903969.0,23.4,5월
1181,중구,2335856.0,18.8,5월
1182,강남구,18999806.0,10.8,5월
1183,강동구,4566561.0,2.6,5월
1184,강북구,2918131.0,1.7,5월
1185,강서구,6903977.0,3.9,5월
1186,관악구,5127635.0,2.9,5월
1187,광진구,6281197.0,3.6,5월
1188,구로구,5214194.0,3.0,5월
1189,금천구,2629842.0,1.5,5월
1190,노원구,5200266.0,3.0,5월
1191,도봉구,2675638.0,1.5,5월
1192,동대문구,4584841.0,2.6,5월
1193,동작구,4803063.0,2.7,5월
1194,마포구,10508608.0,6.0,5월
1195,서대문구,7050215.0,4.0,5월
1196,서초구,13968622.0,7.9,5월
1197,성동구,5359100.0,3.0,5월
1198,성북구,4443900.0,2.5,5월
1199,송파구,10643072.0,6.1,5월
1200,양천구,3521342.0,2.0,5월
1201,영등포구,9893681.0,5.6,5월
1202,용산구,9139989.0,5.2,5월
1203,은평구,3255840.0,1.9,5월
1204,종로구,12472556.0,7.1,5월
1205,중구,12459891.0,7.1,5월
1206,중랑구,3295976.0,1.9,5월
1207,계룡시,447251.0,1.6,5월
1208,공주시,2492136.0,8.8,5월
1209,금산군,1001933.0,3.5,5월
1210,논산시,1508681.0,5.3,5월
1211,당진시,2245243.0,7.9,5월
1212,보령시,1709058.0,6.0,5월
1213,부여군,1053423.0,3.7,5월
1214,서산시,1713869.0,6.1,5월
1215,서천군,992666.0,3.5,5월
1216,아산시,3071768.0,10.9,5월
1217,예산군,1427115.0,5.0,5월
1218,천안시 동남구,3942480.0,13.9,5월
1219,천안시 서북구,3304683.0,11.7,5월
1220,청양군,421949.0,1.5,5월
1221,태안군,1901258.0,6.7,5월
1222,홍성군,1067393.0,3.8,5월
1223,대덕구,2188734.0,11.8,5월
1224,동구,2974339.0,16.0,5월
1225,서구,5007023.0,26.9,5월
1226,유성구,4825321.0,25.9,5월
1227,중구,3630694.0,19.5,5월
1228,강진군,474834.0,2.3,5월
1229,고흥군,574245.0,2.8,5월
1230,곡성군,688927.0,3.3,5월
1231,광양시,1087173.0,5.2,5월
1232,구례군,455080.0,2.2,5월
1233,나주시,1361621.0,6.5,5월
1234,담양군,1373972.0,6.6,5월
1235,목포시,2005671.0,9.6,5월
1236,무안군,1223574.0,5.9,5월
1237,보성군,623817.0,3.0,5월
1238,순천시,2070755.0,10.0,5월
1239,신안군,637157.0,3.1,5월
1240,여수시,2206161.0,10.6,5월
1241,영광군,603045.0,2.9,5월
1242,영암군,824723.0,4.0,5월
1243,완도군,460897.0,2.2,5월
1244,장성군,899467.0,4.3,5월
1245,장흥군,424127.0,2.0,5월
1246,진도군,414109.0,2.0,5월
1247,함평군,631226.0,3.0,5월
1248,해남군,693976.0,3.3,5월
1249,화순군,1067814.0,5.1,5월
1250,강릉시,2990000.0,12.9,6월
1251,고성군,1244150.0,5.4,6월
1252,동해시,967369.0,4.2,6월
1253,삼척시,970128.0,4.2,6월
1254,속초시,2189126.0,9.4,6월
1255,양구군,229561.0,1.0,6월
1256,양양군,1550824.0,6.7,6월
1257,영월군,663150.0,2.9,6월
1258,원주시,2474703.0,10.7,6월
1259,인제군,852258.0,3.7,6월
1260,정선군,805319.0,3.5,6월
1261,철원군,591030.0,2.5,6월
1262,춘천시,2622104.0,11.3,6월
1263,태백시,401904.0,1.7,6월
1264,평창군,1445218.0,6.2,6월
1265,홍천군,1567116.0,6.8,6월
1266,화천군,360839.0,1.6,6월
1267,횡성군,1282061.0,5.5,6월
1268,가평군,2884728.0,1.9,6월
1269,고양시 덕양구,5296240.0,3.5,6월
1270,고양시 일산동구,5000965.0,3.3,6월
1271,고양시 일산서구,3632521.0,2.4,6월
1272,과천시,1632062.0,1.1,6월
1273,광명시,3348300.0,2.2,6월
1274,광주시,3788282.0,2.5,6월
1275,구리시,3725810.0,2.4,6월
1276,군포시,2083214.0,1.4,6월
1277,김포시,4256635.0,2.8,6월
1278,남양주시,6070026.0,4.0,6월
1279,동두천시,765647.0,0.5,6월
1280,부천시,5777800.0,3.8,6월
1281,성남시 분당구,7119822.0,4.7,6월
1282,성남시 수정구,3309544.0,2.2,6월
1283,성남시 중원구,2181871.0,1.4,6월
1284,수원시 권선구,3381497.0,2.2,6월
1285,수원시 영통구,4594024.0,3.0,6월
1286,수원시 장안구,2867481.0,1.9,6월
1287,수원시 팔달구,5252271.0,3.4,6월
1288,시흥시,4453631.0,2.9,6월
1289,안산시 단원구,4289359.0,2.8,6월
1290,안산시 상록구,2273296.0,1.5,6월
1291,안성시,3167373.0,2.1,6월
1292,안양시 동안구,3276516.0,2.1,6월
1293,안양시 만안구,2484092.0,1.6,6월
1294,양주시,2809289.0,1.8,6월
1295,양평군,2835984.0,1.9,6월
1296,여주시,2232795.0,1.5,6월
1297,연천군,752320.0,0.5,6월
1298,오산시,2385217.0,1.6,6월
1299,용인시 기흥구,4715726.0,3.1,6월
1300,용인시 수지구,2915696.0,1.9,6월
1301,용인시 처인구,4091669.0,2.7,6월
1302,의왕시,2418854.0,1.6,6월
1303,의정부시,3399971.0,2.2,6월
1304,이천시,3234953.0,2.1,6월
1305,파주시,4473989.0,2.9,6월
1306,평택시,3966356.0,2.6,6월
1307,포천시,2594543.0,1.7,6월
1308,하남시,4739289.0,3.1,6월
1309,화성시,8073032.0,5.3,6월
1310,거제시,1976136.0,6.5,6월
1311,거창군,576799.0,1.9,6월
1312,고성군,768558.0,2.5,6월
1313,김해시,3638056.0,12.1,6월
1314,남해군,701240.0,2.3,6월
1315,밀양시,1171430.0,3.9,6월
1316,사천시,1273112.0,4.2,6월
1317,산청군,551678.0,1.8,6월
1318,양산시,2625613.0,8.7,6월
1319,의령군,331256.0,1.1,6월
1320,진주시,1713726.0,5.7,6월
1321,창녕군,738920.0,2.4,6월
1322,창원시 마산합포구,2000052.0,6.6,6월
1323,창원시 마산회원구,1635912.0,5.4,6월
1324,창원시 성산구,2606239.0,8.6,6월
1325,창원시 의창구,2647554.0,8.8,6월
1326,창원시 진해구,1462966.0,4.8,6월
1327,통영시,1346999.0,4.5,6월
1328,하동군,581280.0,1.9,6월
1329,함안군,855629.0,2.8,6월
1330,함양군,441745.0,1.5,6월
1331,합천군,530569.0,1.8,6월
1332,경산시,2348088.0,8.9,6월
1333,경주시,3557181.0,13.4,6월
1334,고령군,490552.0,1.9,6월
1335,구미시,1985586.0,7.5,6월
1336,군위군,550612.0,2.1,6월
1337,김천시,1048008.0,4.0,6월
1338,문경시,879908.0,3.3,6월
1339,봉화군,341549.0,1.3,6월
1340,상주시,1059903.0,4.0,6월
1341,성주군,578892.0,2.2,6월
1342,안동시,1387208.0,5.2,6월
1343,영덕군,813319.0,3.1,6월
1344,영양군,142359.0,0.5,6월
1345,영주시,687061.0,2.6,6월
1346,영천시,977980.0,3.7,6월
1347,예천군,534711.0,2.0,6월
1348,울릉군,227979.0,0.9,6월
1349,울진군,676560.0,2.6,6월
1350,의성군,561209.0,2.1,6월
1351,청도군,786488.0,3.0,6월
1352,청송군,369168.0,1.4,6월
1353,칠곡군,1639409.0,6.2,6월
1354,포항시 남구,2365327.0,8.9,6월
1355,포항시 북구,2482484.0,9.4,6월
1356,광산구,3448616.0,22.9,6월
1357,남구,1601792.0,10.6,6월
1358,동구,2543920.0,16.9,6월
1359,북구,3678978.0,24.4,6월
1360,서구,3811921.0,25.3,6월
1361,세종특별자치시,2448941.0,100.0,6월
1362,괴산군,867751.0,4.4,6월
1363,단양군,795314.0,4.0,6월
1364,보은군,472217.0,2.4,6월
1365,영동군,552715.0,2.8,6월
1366,옥천군,877822.0,4.4,6월
1367,음성군,1604831.0,8.0,6월
1368,제천시,1267337.0,6.4,6월
1369,증평군,485260.0,2.4,6월
1370,진천군,1086448.0,5.4,6월
1371,청주시 상당구,2456798.0,12.3,6월
1372,청주시 서원구,2409130.0,12.1,6월
1373,청주시 청원구,2137765.0,10.7,6월
1374,청주시 흥덕구,2884839.0,14.5,6월
1375,충주시,2042942.0,10.2,6월
1376,강서구,3028412.0,6.6,6월
1377,금정구,2249354.0,4.9,6월
1378,기장군,3438371.0,7.5,6월
1379,남구,2264376.0,5.0,6월
1380,동구,2594142.0,5.7,6월
1381,동래구,2845158.0,6.2,6월
1382,부산진구,5680395.0,12.4,6월
1383,북구,1855899.0,4.1,6월
1384,사상구,2169256.0,4.8,6월
1385,사하구,1842254.0,4.0,6월
1386,서구,1732201.0,3.8,6월
1387,수영구,3144246.0,6.9,6월
1388,연제구,2225961.0,4.9,6월
1389,영도구,1585054.0,3.5,6월
1390,중구,3151695.0,6.9,6월
1391,해운대구,5828859.0,12.8,6월
1392,남구,2071255.0,7.7,6월
1393,달서구,4169736.0,15.4,6월
1394,달성군,2385255.0,8.8,6월
1395,동구,4492634.0,16.6,6월
1396,북구,3701192.0,13.7,6월
1397,서구,1535817.0,5.7,6월
1398,수성구,3896490.0,14.4,6월
1399,중구,4752995.0,17.6,6월
1400,고창군,792442.0,4.5,6월
1401,군산시,2050220.0,11.6,6월
1402,김제시,879991.0,5.0,6월
1403,남원시,751133.0,4.3,6월
1404,무주군,556356.0,3.2,6월
1405,부안군,807442.0,4.6,6월
1406,순창군,360558.0,2.0,6월
1407,완주군,1597893.0,9.1,6월
1408,익산시,1825950.0,10.4,6월
1409,임실군,599282.0,3.4,6월
1410,장수군,219028.0,1.2,6월
1411,전주시 덕진구,2879971.0,16.4,6월
1412,전주시 완산구,3075627.0,17.5,6월
1413,정읍시,865350.0,4.9,6월
1414,진안군,352970.0,2.0,6월
1415,서귀포시,4020207.0,42.2,6월
1416,제주시,5497719.0,57.8,6월
1417,강화군,1397689.0,4.8,6월
1418,계양구,2321748.0,8.0,6월
1419,남동구,4366746.0,15.0,6월
1420,동구,813670.0,2.8,6월
1421,미추홀구,3579860.0,12.3,6월
1422,부평구,3925814.0,13.5,6월
1423,서구,4154897.0,14.3,6월
1424,연수구,3284225.0,11.3,6월
1425,옹진군,642979.0,2.2,6월
1426,중구,4629594.0,15.9,6월
1427,남구,3501820.0,31.2,6월
1428,동구,1077723.0,9.6,6월
1429,북구,1953765.0,17.4,6월
1430,울주군,2682786.0,23.9,6월
1431,중구,2015393.0,17.9,6월
1432,강남구,17961193.0,11.2,6월
1433,강동구,4156335.0,2.6,6월
1434,강북구,2622531.0,1.6,6월
1435,강서구,6452450.0,4.0,6월
1436,관악구,4698058.0,2.9,6월
1437,광진구,5549135.0,3.4,6월
1438,구로구,4915343.0,3.1,6월
1439,금천구,2413689.0,1.5,6월
1440,노원구,4558252.0,2.8,6월
1441,도봉구,2377657.0,1.5,6월
1442,동대문구,4158801.0,2.6,6월
1443,동작구,4422768.0,2.7,6월
1444,마포구,9762871.0,6.1,6월
1445,서대문구,6497742.0,4.0,6월
1446,서초구,12923638.0,8.0,6월
1447,성동구,4888774.0,3.0,6월
1448,성북구,3836875.0,2.4,6월
1449,송파구,9770259.0,6.1,6월
1450,양천구,3210114.0,2.0,6월
1451,영등포구,8894885.0,5.5,6월
1452,용산구,8462003.0,5.3,6월
1453,은평구,3083257.0,1.9,6월
1454,종로구,11163302.0,6.9,6월
1455,중구,11393919.0,7.1,6월
1456,중랑구,2785072.0,1.7,6월
1457,계룡시,431083.0,1.7,6월
1458,공주시,2430776.0,9.4,6월
1459,금산군,911667.0,3.5,6월
1460,논산시,1358623.0,5.3,6월
1461,당진시,1991281.0,7.7,6월
1462,보령시,1575390.0,6.1,6월
1463,부여군,925611.0,3.6,6월
1464,서산시,1548772.0,6.0,6월
1465,서천군,870529.0,3.4,6월
1466,아산시,2766967.0,10.7,6월
1467,예산군,1270426.0,4.9,6월
1468,천안시 동남구,3583434.0,13.9,6월
1469,천안시 서북구,3077415.0,11.9,6월
1470,청양군,371447.0,1.4,6월
1471,태안군,1724934.0,6.7,6월
1472,홍성군,965951.0,3.7,6월
1473,대덕구,1996965.0,11.7,6월
1474,동구,2695375.0,15.8,6월
1475,서구,4561764.0,26.7,6월
1476,유성구,4581270.0,26.8,6월
1477,중구,3235417.0,19.0,6월
1478,강진군,430632.0,2.2,6월
1479,고흥군,512381.0,2.6,6월
1480,곡성군,444024.0,2.3,6월
1481,광양시,1064337.0,5.5,6월
1482,구례군,381647.0,2.0,6월
1483,나주시,1259355.0,6.5,6월
1484,담양군,1180244.0,6.1,6월
1485,목포시,2152057.0,11.1,6월
1486,무안군,1192232.0,6.1,6월
1487,보성군,550646.0,2.8,6월
1488,순천시,1948624.0,10.1,6월
1489,신안군,584318.0,3.0,6월
1490,여수시,2214802.0,11.4,6월
1491,영광군,565494.0,2.9,6월
1492,영암군,799302.0,4.1,6월
1493,완도군,447874.0,2.3,6월
1494,장성군,748792.0,3.9,6월
1495,장흥군,402606.0,2.1,6월
1496,진도군,400771.0,2.1,6월
1497,함평군,461489.0,2.4,6월
1498,해남군,689556.0,3.6,6월
1499,화순군,955303.0,4.9,6월
1500,강릉시,3551243.0,12.7,7월
1501,고성군,1514965.0,5.4,7월
1502,동해시,1228212.0,4.4,7월
1503,삼척시,1268362.0,4.5,7월
1504,속초시,2630076.0,9.4,7월
1505,양구군,272448.0,1.0,7월
1506,양양군,1878677.0,6.7,7월
1507,영월군,831344.0,3.0,7월
1508,원주시,2881398.0,10.3,7월
1509,인제군,1026724.0,3.7,7월
1510,정선군,1015742.0,3.6,7월
1511,철원군,625715.0,2.2,7월
1512,춘천시,2895066.0,10.3,7월
1513,태백시,553881.0,2.0,7월
1514,평창군,1882871.0,6.7,7월
1515,홍천군,2004950.0,7.2,7월
1516,화천군,448007.0,1.6,7월
1517,횡성군,1502950.0,5.4,7월
1518,가평군,3476295.0,2.1,7월
1519,고양시 덕양구,5660634.0,3.5,7월
1520,고양시 일산동구,5425789.0,3.3,7월
1521,고양시 일산서구,3833778.0,2.4,7월
1522,과천시,1694091.0,1.0,7월
1523,광명시,3624902.0,2.2,7월
1524,광주시,4303224.0,2.6,7월
1525,구리시,3971157.0,2.4,7월
1526,군포시,2220535.0,1.4,7월
1527,김포시,4446764.0,2.7,7월
1528,남양주시,6518386.0,4.0,7월
1529,동두천시,864805.0,0.5,7월
1530,부천시,6105022.0,3.8,7월
1531,성남시 분당구,7587306.0,4.7,7월
1532,성남시 수정구,3474791.0,2.1,7월
1533,성남시 중원구,2225179.0,1.4,7월
1534,수원시 권선구,3624742.0,2.2,7월
1535,수원시 영통구,4844940.0,3.0,7월
1536,수원시 장안구,2970597.0,1.8,7월
1537,수원시 팔달구,5493930.0,3.4,7월
1538,시흥시,4670560.0,2.9,7월
1539,안산시 단원구,4514453.0,2.8,7월
1540,안산시 상록구,2390631.0,1.5,7월
1541,안성시,3311970.0,2.0,7월
1542,안양시 동안구,3552157.0,2.2,7월
1543,안양시 만안구,2622947.0,1.6,7월
1544,양주시,3097816.0,1.9,7월
1545,양평군,3295395.0,2.0,7월
1546,여주시,2218752.0,1.4,7월
1547,연천군,832150.0,0.5,7월
1548,오산시,2473187.0,1.5,7월
1549,용인시 기흥구,4944356.0,3.0,7월
1550,용인시 수지구,3134077.0,1.9,7월
1551,용인시 처인구,4305386.0,2.6,7월
1552,의왕시,2524916.0,1.6,7월
1553,의정부시,3700865.0,2.3,7월
1554,이천시,3460865.0,2.1,7월
1555,파주시,4648269.0,2.9,7월
1556,평택시,4199016.0,2.6,7월
1557,포천시,2826861.0,1.7,7월
1558,하남시,5201980.0,3.2,7월
1559,화성시,8434911.0,5.2,7월
1560,거제시,2361457.0,7.0,7월
1561,거창군,704677.0,2.1,7월
1562,고성군,849626.0,2.5,7월
1563,김해시,3709413.0,11.0,7월
1564,남해군,886664.0,2.6,7월
1565,밀양시,1346644.0,4.0,7월
1566,사천시,1507729.0,4.5,7월
1567,산청군,777705.0,2.3,7월
1568,양산시,2941872.0,8.7,7월
1569,의령군,350352.0,1.0,7월
1570,진주시,1979648.0,5.9,7월
1571,창녕군,772765.0,2.3,7월
1572,창원시 마산합포구,2142979.0,6.3,7월
1573,창원시 마산회원구,1779789.0,5.3,7월
1574,창원시 성산구,2806213.0,8.3,7월
1575,창원시 의창구,2856166.0,8.5,7월
1576,창원시 진해구,1553546.0,4.6,7월
1577,통영시,1577206.0,4.7,7월
1578,하동군,714274.0,2.1,7월
1579,함안군,970367.0,2.9,7월
1580,함양군,594932.0,1.8,7월
1581,합천군,567821.0,1.7,7월
1582,경산시,2890480.0,8.8,7월
1583,경주시,4512944.0,13.7,7월
1584,고령군,542283.0,1.6,7월
1585,구미시,2541023.0,7.7,7월
1586,군위군,683437.0,2.1,7월
1587,김천시,1267653.0,3.8,7월
1588,문경시,1060422.0,3.2,7월
1589,봉화군,492204.0,1.5,7월
1590,상주시,1226885.0,3.7,7월
1591,성주군,737844.0,2.2,7월
1592,안동시,1551496.0,4.7,7월
1593,영덕군,1107193.0,3.4,7월
1594,영양군,184005.0,0.6,7월
1595,영주시,867053.0,2.6,7월
1596,영천시,1163734.0,3.5,7월
1597,예천군,630690.0,1.9,7월
1598,울릉군,229915.0,0.7,7월
1599,울진군,873583.0,2.6,7월
1600,의성군,676786.0,2.1,7월
1601,청도군,1031493.0,3.1,7월
1602,청송군,495059.0,1.5,7월
1603,칠곡군,1986685.0,6.0,7월
1604,포항시 남구,3024298.0,9.2,7월
1605,포항시 북구,3205524.0,9.7,7월
1606,광산구,4754245.0,23.3,7월
1607,남구,2260306.0,11.1,7월
1608,동구,3328882.0,16.3,7월
1609,북구,5064720.0,24.8,7월
1610,서구,5008526.0,24.5,7월
1611,세종특별자치시,2611613.0,100.0,7월
1612,괴산군,1150045.0,5.3,7월
1613,단양군,865822.0,4.0,7월
1614,보은군,555578.0,2.6,7월
1615,영동군,597463.0,2.8,7월
1616,옥천군,961769.0,4.4,7월
1617,음성군,1737437.0,8.0,7월
1618,제천시,1469336.0,6.8,7월
1619,증평군,509548.0,2.3,7월
1620,진천군,1143720.0,5.3,7월
1621,청주시 상당구,2585440.0,11.9,7월
1622,청주시 서원구,2540231.0,11.7,7월
1623,청주시 청원구,2225865.0,10.3,7월
1624,청주시 흥덕구,3106917.0,14.3,7월
1625,충주시,2256758.0,10.4,7월
1626,강서구,3330517.0,6.7,7월
1627,금정구,2336405.0,4.7,7월
1628,기장군,3694171.0,7.4,7월
1629,남구,2419871.0,4.9,7월
1630,동구,2863263.0,5.8,7월
1631,동래구,3018124.0,6.1,7월
1632,부산진구,6224558.0,12.5,7월
1633,북구,1996964.0,4.0,7월
1634,사상구,2282657.0,4.6,7월
1635,사하구,2003361.0,4.0,7월
1636,서구,1831063.0,3.7,7월
1637,수영구,3616253.0,7.3,7월
1638,연제구,2474006.0,5.0,7월
1639,영도구,1698916.0,3.4,7월
1640,중구,3362443.0,6.8,7월
1641,해운대구,6482051.0,13.1,7월
1642,남구,2461127.0,7.4,7월
1643,달서구,5324202.0,16.1,7월
1644,달성군,2910261.0,8.8,7월
1645,동구,5434706.0,16.4,7월
1646,북구,4617744.0,14.0,7월
1647,서구,1936458.0,5.9,7월
1648,수성구,4848900.0,14.7,7월
1649,중구,5517822.0,16.7,7월
1650,고창군,1002634.0,4.1,7월
1651,군산시,2800892.0,11.5,7월
1652,김제시,1187953.0,4.9,7월
1653,남원시,1176085.0,4.8,7월
1654,무주군,836440.0,3.4,7월
1655,부안군,1117134.0,4.6,7월
1656,순창군,482562.0,2.0,7월
1657,완주군,2257508.0,9.3,7월
1658,익산시,2515264.0,10.3,7월
1659,임실군,778127.0,3.2,7월
1660,장수군,336950.0,1.4,7월
1661,전주시 덕진구,3837881.0,15.8,7월
1662,전주시 완산구,4265888.0,17.5,7월
1663,정읍시,1214969.0,5.0,7월
1664,진안군,517534.0,2.1,7월
1665,서귀포시,4908776.0,40.2,7월
1666,제주시,7291538.0,59.8,7월
1667,강화군,1543704.0,4.9,7월
1668,계양구,2394819.0,7.6,7월
1669,남동구,4528577.0,14.3,7월
1670,동구,859542.0,2.7,7월
1671,미추홀구,3806518.0,12.0,7월
1672,부평구,4240169.0,13.4,7월
1673,서구,4607091.0,14.6,7월
1674,연수구,3937587.0,12.4,7월
1675,옹진군,645428.0,2.0,7월
1676,중구,5076900.0,16.0,7월
1677,남구,3678985.0,30.4,7월
1678,동구,1218886.0,10.1,7월
1679,북구,2100612.0,17.4,7월
1680,울주군,2969900.0,24.5,7월
1681,중구,2136510.0,17.6,7월
1682,강남구,19436204.0,11.5,7월
1683,강동구,4326263.0,2.6,7월
1684,강북구,2807833.0,1.7,7월
1685,강서구,6751067.0,4.0,7월
1686,관악구,4923495.0,2.9,7월
1687,광진구,5786224.0,3.4,7월
1688,구로구,5119782.0,3.0,7월
1689,금천구,2608930.0,1.5,7월
1690,노원구,4840111.0,2.9,7월
1691,도봉구,2532545.0,1.5,7월
1692,동대문구,4379645.0,2.6,7월
1693,동작구,4513682.0,2.7,7월
1694,마포구,10250381.0,6.1,7월
1695,서대문구,6913534.0,4.1,7월
1696,서초구,13667127.0,8.1,7월
1697,성동구,5005174.0,3.0,7월
1698,성북구,3961028.0,2.3,7월
1699,송파구,10508724.0,6.2,7월
1700,양천구,3440412.0,2.0,7월
1701,영등포구,9457776.0,5.6,7월
1702,용산구,8947669.0,5.3,7월
1703,은평구,3265694.0,1.9,7월
1704,종로구,11201961.0,6.6,7월
1705,중구,11791221.0,7.0,7월
1706,중랑구,2980363.0,1.8,7월
1707,계룡시,458316.0,1.7,7월
1708,공주시,2508369.0,9.2,7월
1709,금산군,973655.0,3.6,7월
1710,논산시,1416287.0,5.2,7월
1711,당진시,2006466.0,7.4,7월
1712,보령시,1855631.0,6.8,7월
1713,부여군,1079251.0,4.0,7월
1714,서산시,1603475.0,5.9,7월
1715,서천군,867073.0,3.2,7월
1716,아산시,2866954.0,10.6,7월
1717,예산군,1311344.0,4.8,7월
1718,천안시 동남구,3735107.0,13.8,7월
1719,천안시 서북구,3274460.0,12.1,7월
1720,청양군,395669.0,1.5,7월
1721,태안군,1815622.0,6.7,7월
1722,홍성군,981044.0,3.6,7월
1723,대덕구,2105877.0,11.7,7월
1724,동구,2792691.0,15.5,7월
1725,서구,4890648.0,27.1,7월
1726,유성구,4839170.0,26.8,7월
1727,중구,3401091.0,18.9,7월
1728,강진군,575336.0,2.2,7월
1729,고흥군,765313.0,2.9,7월
1730,곡성군,538548.0,2.0,7월
1731,광양시,1507385.0,5.7,7월
1732,구례군,596101.0,2.2,7월
1733,나주시,1718821.0,6.5,7월
1734,담양군,1566196.0,5.9,7월
1735,목포시,2960026.0,11.1,7월
1736,무안군,1593842.0,6.0,7월
1737,보성군,713863.0,2.7,7월
1738,순천시,2733886.0,10.3,7월
1739,신안군,748514.0,2.8,7월
1740,여수시,3163984.0,11.9,7월
1741,영광군,749401.0,2.8,7월
1742,영암군,1058598.0,4.0,7월
1743,완도군,698730.0,2.6,7월
1744,장성군,975603.0,3.7,7월
1745,장흥군,586680.0,2.2,7월
1746,진도군,524100.0,2.0,7월
1747,함평군,606417.0,2.3,7월
1748,해남군,912506.0,3.4,7월
1749,화순군,1318498.0,5.0,7월
1750,강릉시,4026350.0,13.2,8월
1751,고성군,1745926.0,5.7,8월
1752,동해시,1264125.0,4.1,8월
1753,삼척시,1424061.0,4.7,8월
1754,속초시,3005110.0,9.8,8월
1755,양구군,289078.0,0.9,8월
1756,양양군,2191197.0,7.2,8월
1757,영월군,905217.0,3.0,8월
1758,원주시,2922999.0,9.6,8월
1759,인제군,1156567.0,3.8,8월
1760,정선군,1128082.0,3.7,8월
1761,철원군,632522.0,2.1,8월
1762,춘천시,3102495.0,10.2,8월
1763,태백시,645436.0,2.1,8월
1764,평창군,2109125.0,6.9,8월
1765,홍천군,2052184.0,6.7,8월
1766,화천군,460669.0,1.5,8월
1767,횡성군,1504598.0,4.9,8월
1768,가평군,3780547.0,2.4,8월
1769,고양시 덕양구,5533289.0,3.5,8월
1770,고양시 일산동구,5222294.0,3.3,8월
1771,고양시 일산서구,3796748.0,2.4,8월
1772,과천시,1623077.0,1.0,8월
1773,광명시,3457912.0,2.2,8월
1774,광주시,4004148.0,2.5,8월
1775,구리시,3850730.0,2.4,8월
1776,군포시,2129068.0,1.3,8월
1777,김포시,4273880.0,2.7,8월
1778,남양주시,6519873.0,4.1,8월
1779,동두천시,818010.0,0.5,8월
1780,부천시,5788212.0,3.6,8월
1781,성남시 분당구,7177504.0,4.5,8월
1782,성남시 수정구,3428071.0,2.2,8월
1783,성남시 중원구,2145958.0,1.4,8월
1784,수원시 권선구,3437304.0,2.2,8월
1785,수원시 영통구,4622534.0,2.9,8월
1786,수원시 장안구,2905135.0,1.8,8월
1787,수원시 팔달구,5336494.0,3.4,8월
1788,시흥시,4590164.0,2.9,8월
1789,안산시 단원구,4451111.0,2.8,8월
1790,안산시 상록구,2301946.0,1.5,8월
1791,안성시,3312416.0,2.1,8월
1792,안양시 동안구,3347056.0,2.1,8월
1793,안양시 만안구,2503221.0,1.6,8월
1794,양주시,2975200.0,1.9,8월
1795,양평군,3466383.0,2.2,8월
1796,여주시,2438479.0,1.5,8월
1797,연천군,805266.0,0.5,8월
1798,오산시,2346278.0,1.5,8월
1799,용인시 기흥구,4772643.0,3.0,8월
1800,용인시 수지구,2939741.0,1.9,8월
1801,용인시 처인구,4200332.0,2.6,8월
1802,의왕시,2447978.0,1.5,8월
1803,의정부시,3504511.0,2.2,8월
1804,이천시,3544600.0,2.2,8월
1805,파주시,4652799.0,2.9,8월
1806,평택시,4013087.0,2.5,8월
1807,포천시,2785796.0,1.8,8월
1808,하남시,5060918.0,3.2,8월
1809,화성시,8321590.0,5.2,8월
1810,거제시,2441451.0,7.1,8월
1811,거창군,780110.0,2.3,8월
1812,고성군,872099.0,2.5,8월
1813,김해시,3743710.0,10.9,8월
1814,남해군,1028446.0,3.0,8월
1815,밀양시,1447067.0,4.2,8월
1816,사천시,1542758.0,4.5,8월
1817,산청군,875030.0,2.5,8월
1818,양산시,2968094.0,8.6,8월
1819,의령군,363281.0,1.1,8월
1820,진주시,1964632.0,5.7,8월
1821,창녕군,776381.0,2.3,8월
1822,창원시 마산합포구,2181192.0,6.3,8월
1823,창원시 마산회원구,1718846.0,5.0,8월
1824,창원시 성산구,2647565.0,7.7,8월
1825,창원시 의창구,2819386.0,8.2,8월
1826,창원시 진해구,1484251.0,4.3,8월
1827,통영시,1699140.0,4.9,8월
1828,하동군,811504.0,2.4,8월
1829,함안군,937403.0,2.7,8월
1830,함양군,645361.0,1.9,8월
1831,합천군,625818.0,1.8,8월
1832,경산시,2602250.0,8.2,8월
1833,경주시,4673489.0,14.7,8월
1834,고령군,507057.0,1.6,8월
1835,구미시,2163706.0,6.8,8월
1836,군위군,717549.0,2.3,8월
1837,김천시,1119158.0,3.5,8월
1838,문경시,1076494.0,3.4,8월
1839,봉화군,508830.0,1.6,8월
1840,상주시,1194983.0,3.8,8월
1841,성주군,718167.0,2.3,8월
1842,안동시,1508233.0,4.8,8월
1843,영덕군,1202395.0,3.8,8월
1844,영양군,193928.0,0.6,8월
1845,영주시,787991.0,2.5,8월
1846,영천시,1082019.0,3.4,8월
1847,예천군,653226.0,2.1,8월
1848,울릉군,232276.0,0.7,8월
1849,울진군,945171.0,3.0,8월
1850,의성군,652546.0,2.1,8월
1851,청도군,1057583.0,3.3,8월
1852,청송군,504573.0,1.6,8월
1853,칠곡군,1867255.0,5.9,8월
1854,포항시 남구,2752096.0,8.7,8월
1855,포항시 북구,3005297.0,9.5,8월
1856,광산구,3543171.0,22.6,8월
1857,남구,1598170.0,10.2,8월
1858,동구,2817756.0,18.0,8월
1859,북구,3735246.0,23.8,8월
1860,서구,3981522.0,25.4,8월
1861,세종특별자치시,2529436.0,100.0,8월
1862,괴산군,1148774.0,5.3,8월
1863,단양군,1017919.0,4.7,8월
1864,보은군,573222.0,2.6,8월
1865,영동군,667306.0,3.1,8월
1866,옥천군,977252.0,4.5,8월
1867,음성군,1712998.0,7.9,8월
1868,제천시,1548654.0,7.1,8월
1869,증평군,494713.0,2.3,8월
1870,진천군,1111924.0,5.1,8월
1871,청주시 상당구,2550166.0,11.8,8월
1872,청주시 서원구,2436769.0,11.2,8월
1873,청주시 청원구,2186384.0,10.1,8월
1874,청주시 흥덕구,3005664.0,13.9,8월
1875,충주시,2264856.0,10.4,8월
1876,강서구,3196457.0,6.6,8월
1877,금정구,2302893.0,4.7,8월
1878,기장군,3810239.0,7.9,8월
1879,남구,2380379.0,4.9,8월
1880,동구,2792207.0,5.8,8월
1881,동래구,2842937.0,5.9,8월
1882,부산진구,5956032.0,12.3,8월
1883,북구,1906766.0,3.9,8월
1884,사상구,2219898.0,4.6,8월
1885,사하구,1930813.0,4.0,8월
1886,서구,1843527.0,3.8,8월
1887,수영구,3523780.0,7.3,8월
1888,연제구,2309692.0,4.8,8월
1889,영도구,1710724.0,3.5,8월
1890,중구,3339882.0,6.9,8월
1891,해운대구,6428823.0,13.3,8월
1892,남구,2230370.0,7.7,8월
1893,달서구,4433242.0,15.3,8월
1894,달성군,2462719.0,8.5,8월
1895,동구,4825557.0,16.7,8월
1896,북구,3933850.0,13.6,8월
1897,서구,1662963.0,5.8,8월
1898,수성구,4125912.0,14.3,8월
1899,중구,5220902.0,18.1,8월
1900,고창군,942282.0,4.6,8월
1901,군산시,2292705.0,11.2,8월
1902,김제시,968551.0,4.7,8월
1903,남원시,1019818.0,5.0,8월
1904,무주군,914814.0,4.5,8월
1905,부안군,1090204.0,5.3,8월
1906,순창군,452412.0,2.2,8월
1907,완주군,2012910.0,9.8,8월
1908,익산시,1853925.0,9.1,8월
1909,임실군,779304.0,3.8,8월
1910,장수군,313508.0,1.5,8월
1911,전주시 덕진구,3050107.0,14.9,8월
1912,전주시 완산구,3317818.0,16.2,8월
1913,정읍시,960768.0,4.7,8월
1914,진안군,500735.0,2.4,8월
1915,서귀포시,4773560.0,43.7,8월
1916,제주시,6155493.0,56.3,8월
1917,강화군,1585737.0,5.2,8월
1918,계양구,2260517.0,7.4,8월
1919,남동구,4303741.0,14.0,8월
1920,동구,805214.0,2.6,8월
1921,미추홀구,3658806.0,11.9,8월
1922,부평구,4047881.0,13.2,8월
1923,서구,4380129.0,14.2,8월
1924,연수구,3901551.0,12.7,8월
1925,옹진군,681151.0,2.2,8월
1926,중구,5114151.0,16.6,8월
1927,남구,3564765.0,29.8,8월
1928,동구,1184826.0,9.9,8월
1929,북구,2013470.0,16.8,8월
1930,울주군,3131394.0,26.2,8월
1931,중구,2062683.0,17.3,8월
1932,강남구,18110175.0,11.2,8월
1933,강동구,4104982.0,2.5,8월
1934,강북구,2647060.0,1.6,8월
1935,강서구,6900742.0,4.2,8월
1936,관악구,4844820.0,3.0,8월
1937,광진구,5643500.0,3.5,8월
1938,구로구,4854312.0,3.0,8월
1939,금천구,2420879.0,1.5,8월
1940,노원구,4595983.0,2.8,8월
1941,도봉구,2398181.0,1.5,8월
1942,동대문구,4230316.0,2.6,8월
1943,동작구,4370268.0,2.7,8월
1944,마포구,9835715.0,6.1,8월
1945,서대문구,6741607.0,4.2,8월
1946,서초구,12903474.0,7.9,8월
1947,성동구,4789313.0,2.9,8월
1948,성북구,3904354.0,2.4,8월
1949,송파구,10007423.0,6.2,8월
1950,양천구,3197682.0,2.0,8월
1951,영등포구,9088801.0,5.6,8월
1952,용산구,8694726.0,5.4,8월
1953,은평구,3079192.0,1.9,8월
1954,종로구,10924300.0,6.7,8월
1955,중구,11289430.0,7.0,8월
1956,중랑구,2819650.0,1.7,8월
1957,계룡시,416423.0,1.5,8월
1958,공주시,2502864.0,9.1,8월
1959,금산군,982491.0,3.6,8월
1960,논산시,1429774.0,5.2,8월
1961,당진시,2109455.0,7.6,8월
1962,보령시,1941266.0,7.0,8월
1963,부여군,962954.0,3.5,8월
1964,서산시,1624042.0,5.9,8월
1965,서천군,965036.0,3.5,8월
1966,아산시,2913012.0,10.5,8월
1967,예산군,1328144.0,4.8,8월
1968,천안시 동남구,3769695.0,13.7,8월
1969,천안시 서북구,3190626.0,11.6,8월
1970,청양군,429471.0,1.6,8월
1971,태안군,2016181.0,7.3,8월
1972,홍성군,1031062.0,3.7,8월
1973,대덕구,2032669.0,11.8,8월
1974,동구,2745211.0,15.9,8월
1975,서구,4677668.0,27.1,8월
1976,유성구,4589987.0,26.6,8월
1977,중구,3236734.0,18.7,8월
1978,강진군,503384.0,2.2,8월
1979,고흥군,693853.0,3.0,8월
1980,곡성군,491734.0,2.1,8월
1981,광양시,1246208.0,5.4,8월
1982,구례군,603611.0,2.6,8월
1983,나주시,1407562.0,6.1,8월
1984,담양군,1507198.0,6.5,8월
1985,목포시,2293077.0,9.9,8월
1986,무안군,1268972.0,5.5,8월
1987,보성군,655969.0,2.8,8월
1988,순천시,2240822.0,9.7,8월
1989,신안군,703243.0,3.0,8월
1990,여수시,2988285.0,12.9,8월
1991,영광군,662816.0,2.9,8월
1992,영암군,898321.0,3.9,8월
1993,완도군,639288.0,2.8,8월
1994,장성군,870279.0,3.7,8월
1995,장흥군,511048.0,2.2,8월
1996,진도군,506143.0,2.2,8월
1997,함평군,556485.0,2.4,8월
1998,해남군,819421.0,3.5,8월
1999,화순군,1143601.0,4.9,8월
2000,강릉시,2975029.0,12.6,9월
2001,고성군,1118488.0,4.7,9월
2002,동해시,1095333.0,4.6,9월
2003,삼척시,1078454.0,4.6,9월
2004,속초시,2007349.0,8.5,9월
2005,양구군,289345.0,1.2,9월
2006,양양군,1373029.0,5.8,9월
2007,영월군,651819.0,2.8,9월
2008,원주시,2946535.0,12.5,9월
2009,인제군,818383.0,3.5,9월
2010,정선군,806950.0,3.4,9월
2011,철원군,705432.0,3.0,9월
2012,춘천시,3050262.0,12.9,9월
2013,태백시,441175.0,1.9,9월
2014,평창군,1399027.0,5.9,9월
2015,홍천군,1482439.0,6.3,9월
2016,화천군,379607.0,1.6,9월
2017,횡성군,961432.0,4.1,9월
2018,가평군,2578975.0,1.5,9월
2019,고양시 덕양구,5787700.0,3.5,9월
2020,고양시 일산동구,5321271.0,3.2,9월
2021,고양시 일산서구,3704289.0,2.2,9월
2022,과천시,1815968.0,1.1,9월
2023,광명시,3528186.0,2.1,9월
2024,광주시,4170427.0,2.5,9월
2025,구리시,4064225.0,2.4,9월
2026,군포시,2312085.0,1.4,9월
2027,김포시,4688684.0,2.8,9월
2028,남양주시,6807502.0,4.1,9월
2029,동두천시,902241.0,0.5,9월
2030,부천시,6276819.0,3.7,9월
2031,성남시 분당구,7292223.0,4.4,9월
2032,성남시 수정구,3709096.0,2.2,9월
2033,성남시 중원구,2431266.0,1.5,9월
2034,수원시 권선구,3599110.0,2.1,9월
2035,수원시 영통구,5090426.0,3.0,9월
2036,수원시 장안구,3233973.0,1.9,9월
2037,수원시 팔달구,5618964.0,3.4,9월
2038,시흥시,5002629.0,3.0,9월
2039,안산시 단원구,4607830.0,2.8,9월
2040,안산시 상록구,2649911.0,1.6,9월
2041,안성시,3816990.0,2.3,9월
2042,안양시 동안구,3536841.0,2.1,9월
2043,안양시 만안구,2763677.0,1.7,9월
2044,양주시,3172964.0,1.9,9월
2045,양평군,3056529.0,1.8,9월
2046,여주시,2439914.0,1.5,9월
2047,연천군,980423.0,0.6,9월
2048,오산시,2543249.0,1.5,9월
2049,용인시 기흥구,5339390.0,3.2,9월
2050,용인시 수지구,3111962.0,1.9,9월
2051,용인시 처인구,4784923.0,2.9,9월
2052,의왕시,2597323.0,1.6,9월
2053,의정부시,3852048.0,2.3,9월
2054,이천시,3727496.0,2.2,9월
2055,파주시,5192560.0,3.1,9월
2056,평택시,4361316.0,2.6,9월
2057,포천시,2946528.0,1.8,9월
2058,하남시,4992804.0,3.0,9월
2059,화성시,9048669.0,5.4,9월
2060,거제시,1914934.0,5.6,9월
2061,거창군,722936.0,2.1,9월
2062,고성군,856611.0,2.5,9월
2063,김해시,3897479.0,11.5,9월
2064,남해군,763696.0,2.2,9월
2065,밀양시,1369914.0,4.0,9월
2066,사천시,1458387.0,4.3,9월
2067,산청군,631012.0,1.9,9월
2068,양산시,2956593.0,8.7,9월
2069,의령군,407071.0,1.2,9월
2070,진주시,2153722.0,6.3,9월
2071,창녕군,885830.0,2.6,9월
2072,창원시 마산합포구,2369186.0,7.0,9월
2073,창원시 마산회원구,1927296.0,5.7,9월
2074,창원시 성산구,2771320.0,8.2,9월
2075,창원시 의창구,3100627.0,9.1,9월
2076,창원시 진해구,1526752.0,4.5,9월
2077,통영시,1286325.0,3.8,9월
2078,하동군,713429.0,2.1,9월
2079,함안군,994128.0,2.9,9월
2080,함양군,549636.0,1.6,9월
2081,합천군,692188.0,2.0,9월
2082,경산시,3261884.0,10.4,9월
2083,경주시,3966844.0,12.7,9월
2084,고령군,598958.0,1.9,9월
2085,구미시,2345759.0,7.5,9월
2086,군위군,755139.0,2.4,9월
2087,김천시,1219895.0,3.9,9월
2088,문경시,1147592.0,3.7,9월
2089,봉화군,451135.0,1.4,9월
2090,상주시,1312205.0,4.2,9월
2091,성주군,703382.0,2.2,9월
2092,안동시,1657758.0,5.3,9월
2093,영덕군,852633.0,2.7,9월
2094,영양군,194340.0,0.6,9월
2095,영주시,912199.0,2.9,9월
2096,영천시,1254589.0,4.0,9월
2097,예천군,670976.0,2.1,9월
2098,울릉군,175625.0,0.6,9월
2099,울진군,665093.0,2.1,9월
2100,의성군,749341.0,2.4,9월
2101,청도군,936043.0,3.0,9월
2102,청송군,497901.0,1.6,9월
2103,칠곡군,1968239.0,6.3,9월
2104,포항시 남구,2481271.0,7.9,9월
2105,포항시 북구,2544586.0,8.1,9월
2106,광산구,3856735.0,22.4,9월
2107,남구,1867427.0,10.8,9월
2108,동구,3101754.0,18.0,9월
2109,북구,4192958.0,24.3,9월
2110,서구,4210915.0,24.4,9월
2111,세종특별자치시,2822882.0,100.0,9월
2112,괴산군,1104890.0,4.8,9월
2113,단양군,894910.0,3.9,9월
2114,보은군,607568.0,2.6,9월
2115,영동군,691600.0,3.0,9월
2116,옥천군,1036376.0,4.5,9월
2117,음성군,1920955.0,8.3,9월
2118,제천시,1440008.0,6.2,9월
2119,증평군,540892.0,2.3,9월
2120,진천군,1219406.0,5.3,9월
2121,청주시 상당구,2835714.0,12.2,9월
2122,청주시 서원구,2835257.0,12.2,9월
2123,청주시 청원구,2432232.0,10.5,9월
2124,청주시 흥덕구,3213490.0,13.9,9월
2125,충주시,2423252.0,10.4,9월
2126,강서구,3219437.0,6.7,9월
2127,금정구,2770474.0,5.8,9월
2128,기장군,3523228.0,7.4,9월
2129,남구,2713077.0,5.7,9월
2130,동구,2562912.0,5.4,9월
2131,동래구,2910424.0,6.1,9월
2132,부산진구,6009671.0,12.6,9월
2133,북구,2094237.0,4.4,9월
2134,사상구,2540631.0,5.3,9월
2135,사하구,2105372.0,4.4,9월
2136,서구,1759729.0,3.7,9월
2137,수영구,3074170.0,6.4,9월
2138,연제구,2391793.0,5.0,9월
2139,영도구,1627074.0,3.4,9월
2140,중구,3156781.0,6.6,9월
2141,해운대구,5351563.0,11.2,9월
2142,남구,2469540.0,8.0,9월
2143,달서구,4901449.0,15.9,9월
2144,달성군,2616077.0,8.5,9월
2145,동구,5011697.0,16.3,9월
2146,북구,4419654.0,14.4,9월
2147,서구,1788528.0,5.8,9월
2148,수성구,4261005.0,13.9,9월
2149,중구,5267122.0,17.1,9월
2150,고창군,1145031.0,5.3,9월
2151,군산시,2532192.0,11.6,9월
2152,김제시,1243870.0,5.7,9월
2153,남원시,941769.0,4.3,9월
2154,무주군,686070.0,3.2,9월
2155,부안군,1036796.0,4.8,9월
2156,순창군,468525.0,2.2,9월
2157,완주군,1940238.0,8.9,9월
2158,익산시,2269114.0,10.4,9월
2159,임실군,815420.0,3.7,9월
2160,장수군,326678.0,1.5,9월
2161,전주시 덕진구,3347879.0,15.4,9월
2162,전주시 완산구,3441195.0,15.8,9월
2163,정읍시,1073484.0,4.9,9월
2164,진안군,491032.0,2.3,9월
2165,서귀포시,3763499.0,43.0,9월
2166,제주시,4988408.0,57.0,9월
2167,강화군,1680248.0,5.1,9월
2168,계양구,2453023.0,7.5,9월
2169,남동구,4721106.0,14.4,9월
2170,동구,972177.0,3.0,9월
2171,미추홀구,4105605.0,12.5,9월
2172,부평구,4278256.0,13.1,9월
2173,서구,4692579.0,14.3,9월
2174,연수구,4105365.0,12.5,9월
2175,옹진군,666872.0,2.0,9월
2176,중구,5106678.0,15.6,9월
2177,남구,3716951.0,31.3,9월
2178,동구,1142870.0,9.6,9월
2179,북구,1983390.0,16.7,9월
2180,울주군,2935919.0,24.7,9월
2181,중구,2111008.0,17.8,9월
2182,강남구,17918915.0,10.4,9월
2183,강동구,4302155.0,2.5,9월
2184,강북구,2881380.0,1.7,9월
2185,강서구,6794469.0,4.0,9월
2186,관악구,5094084.0,3.0,9월
2187,광진구,6142313.0,3.6,9월
2188,구로구,5164684.0,3.0,9월
2189,금천구,2585656.0,1.5,9월
2190,노원구,5314728.0,3.1,9월
2191,도봉구,2740756.0,1.6,9월
2192,동대문구,4899880.0,2.9,9월
2193,동작구,5094748.0,3.0,9월
2194,마포구,10328348.0,6.0,9월
2195,서대문구,7274523.0,4.2,9월
2196,서초구,13523613.0,7.9,9월
2197,성동구,5240416.0,3.0,9월
2198,성북구,4916138.0,2.9,9월
2199,송파구,10307476.0,6.0,9월
2200,양천구,3238833.0,1.9,9월
2201,영등포구,9180283.0,5.3,9월
2202,용산구,8632291.0,5.0,9월
2203,은평구,3270535.0,1.9,9월
2204,종로구,11892395.0,6.9,9월
2205,중구,11907432.0,6.9,9월
2206,중랑구,3174419.0,1.8,9월
2207,계룡시,510124.0,1.7,9월
2208,공주시,2689056.0,8.9,9월
2209,금산군,1041081.0,3.5,9월
2210,논산시,1580721.0,5.2,9월
2211,당진시,2303129.0,7.6,9월
2212,보령시,1815591.0,6.0,9월
2213,부여군,1151729.0,3.8,9월
2214,서산시,1786044.0,5.9,9월
2215,서천군,1148659.0,3.8,9월
2216,아산시,3317047.0,11.0,9월
2217,예산군,1476035.0,4.9,9월
2218,천안시 동남구,4257247.0,14.1,9월
2219,천안시 서북구,3453248.0,11.5,9월
2220,청양군,474446.0,1.6,9월
2221,태안군,1844003.0,6.1,9월
2222,홍성군,1266867.0,4.2,9월
2223,대덕구,2299072.0,12.0,9월
2224,동구,3197047.0,16.7,9월
2225,서구,5043585.0,26.4,9월
2226,유성구,5105102.0,26.7,9월
2227,중구,3475764.0,18.2,9월
2228,강진군,536789.0,2.3,9월
2229,고흥군,680607.0,2.9,9월
2230,곡성군,528209.0,2.3,9월
2231,광양시,1169714.0,5.0,9월
2232,구례군,481045.0,2.1,9월
2233,나주시,1548651.0,6.7,9월
2234,담양군,1414102.0,6.1,9월
2235,목포시,2362718.0,10.2,9월
2236,무안군,1499926.0,6.5,9월
2237,보성군,702741.0,3.0,9월
2238,순천시,2294230.0,9.9,9월
2239,신안군,651300.0,2.8,9월
2240,여수시,2279272.0,9.8,9월
2241,영광군,965249.0,4.2,9월
2242,영암군,1001645.0,4.3,9월
2243,완도군,536004.0,2.3,9월
2244,장성군,943858.0,4.1,9월
2245,장흥군,512829.0,2.2,9월
2246,진도군,477122.0,2.1,9월
2247,함평군,673760.0,2.9,9월
2248,해남군,871802.0,3.8,9월
2249,화순군,1114167.0,4.8,9월
2250,강릉시,3321197.0,12.4,10월
2251,고성군,1253871.0,4.7,10월
2252,동해시,1130337.0,4.2,10월
2253,삼척시,1095231.0,4.1,10월
2254,속초시,2528720.0,9.4,10월
2255,양구군,276538.0,1.0,10월
2256,양양군,1751766.0,6.5,10월
2257,영월군,731735.0,2.7,10월
2258,원주시,3044991.0,11.3,10월
2259,인제군,1226112.0,4.6,10월
2260,정선군,912364.0,3.4,10월
2261,철원군,933961.0,3.5,10월
2262,춘천시,3230958.0,12.0,10월
2263,태백시,515838.0,1.9,10월
2264,평창군,1737704.0,6.5,10월
2265,홍천군,1609130.0,6.0,10월
2266,화천군,423780.0,1.6,10월
2267,횡성군,1123706.0,4.2,10월
2268,가평군,2811780.0,1.7,10월
2269,고양시 덕양구,5847077.0,3.5,10월
2270,고양시 일산동구,5425156.0,3.2,10월
2271,고양시 일산서구,3718569.0,2.2,10월
2272,과천시,2044675.0,1.2,10월
2273,광명시,3570001.0,2.1,10월
2274,광주시,4680561.0,2.8,10월
2275,구리시,4083177.0,2.4,10월
2276,군포시,2268953.0,1.3,10월
2277,김포시,4793391.0,2.8,10월
2278,남양주시,6816193.0,4.0,10월
2279,동두천시,887285.0,0.5,10월
2280,부천시,6236382.0,3.7,10월
2281,성남시 분당구,7407489.0,4.4,10월
2282,성남시 수정구,3602156.0,2.1,10월
2283,성남시 중원구,2364895.0,1.4,10월
2284,수원시 권선구,3650182.0,2.2,10월
2285,수원시 영통구,4865577.0,2.9,10월
2286,수원시 장안구,3175532.0,1.9,10월
2287,수원시 팔달구,5867913.0,3.5,10월
2288,시흥시,4980257.0,2.9,10월
2289,안산시 단원구,4599470.0,2.7,10월
2290,안산시 상록구,2442131.0,1.4,10월
2291,안성시,3482817.0,2.1,10월
2292,안양시 동안구,3494720.0,2.1,10월
2293,안양시 만안구,2637547.0,1.6,10월
2294,양주시,3094497.0,1.8,10월
2295,양평군,3381205.0,2.0,10월
2296,여주시,2643536.0,1.6,10월
2297,연천군,971233.0,0.6,10월
2298,오산시,2537657.0,1.5,10월
2299,용인시 기흥구,5262531.0,3.1,10월
2300,용인시 수지구,2935510.0,1.7,10월
2301,용인시 처인구,5023277.0,3.0,10월
2302,의왕시,2627558.0,1.6,10월
2303,의정부시,3808105.0,2.3,10월
2304,이천시,3811450.0,2.3,10월
2305,파주시,5106671.0,3.0,10월
2306,평택시,4481308.0,2.7,10월
2307,포천시,3090724.0,1.8,10월
2308,하남시,5201442.0,3.1,10월
2309,화성시,9094129.0,5.4,10월
2310,거제시,2133228.0,5.9,10월
2311,거창군,797769.0,2.2,10월
2312,고성군,967278.0,2.7,10월
2313,김해시,3982805.0,11.1,10월
2314,남해군,858753.0,2.4,10월
2315,밀양시,1522611.0,4.2,10월
2316,사천시,1606784.0,4.5,10월
2317,산청군,752663.0,2.1,10월
2318,양산시,2991495.0,8.3,10월
2319,의령군,422003.0,1.2,10월
2320,진주시,2335323.0,6.5,10월
2321,창녕군,912033.0,2.5,10월
2322,창원시 마산합포구,2435401.0,6.8,10월
2323,창원시 마산회원구,1793638.0,5.0,10월
2324,창원시 성산구,2806180.0,7.8,10월
2325,창원시 의창구,3166762.0,8.8,10월
2326,창원시 진해구,1551383.0,4.3,10월
2327,통영시,1545294.0,4.3,10월
2328,하동군,802567.0,2.2,10월
2329,함안군,1121974.0,3.1,10월
2330,함양군,551562.0,1.5,10월
2331,합천군,833353.0,2.3,10월
2332,경산시,2587188.0,8.1,10월
2333,경주시,4632723.0,14.5,10월
2334,고령군,607657.0,1.9,10월
2335,구미시,2218928.0,7.0,10월
2336,군위군,750549.0,2.4,10월
2337,김천시,1164545.0,3.7,10월
2338,문경시,1245094.0,3.9,10월
2339,봉화군,486509.0,1.5,10월
2340,상주시,1274099.0,4.0,10월
2341,성주군,648645.0,2.0,10월
2342,안동시,1559058.0,4.9,10월
2343,영덕군,974247.0,3.1,10월
2344,영양군,147914.0,0.5,10월
2345,영주시,1028738.0,3.2,10월
2346,영천시,1128956.0,3.5,10월
2347,예천군,644124.0,2.0,10월
2348,울릉군,233000.0,0.7,10월
2349,울진군,785587.0,2.5,10월
2350,의성군,683596.0,2.1,10월
2351,청도군,1109482.0,3.5,10월
2352,청송군,643814.0,2.0,10월
2353,칠곡군,2055969.0,6.5,10월
2354,포항시 남구,2619188.0,8.2,10월
2355,포항시 북구,2623595.0,8.2,10월
2356,광산구,3678362.0,22.1,10월
2357,남구,1683216.0,10.1,10월
2358,동구,3086681.0,18.6,10월
2359,북구,3857500.0,23.2,10월
2360,서구,4308147.0,25.9,10월
2361,세종특별자치시,2752255.0,100.0,10월
2362,괴산군,1151813.0,5.0,10월
2363,단양군,1172589.0,5.1,10월
2364,보은군,764682.0,3.3,10월
2365,영동군,625789.0,2.7,10월
2366,옥천군,1009805.0,4.4,10월
2367,음성군,1903939.0,8.2,10월
2368,제천시,1524121.0,6.6,10월
2369,증평군,590890.0,2.6,10월
2370,진천군,1178951.0,5.1,10월
2371,청주시 상당구,2731338.0,11.8,10월
2372,청주시 서원구,2551457.0,11.0,10월
2373,청주시 청원구,2375943.0,10.3,10월
2374,청주시 흥덕구,3152678.0,13.6,10월
2375,충주시,2403884.0,10.4,10월
2376,강서구,3533344.0,7.2,10월
2377,금정구,2497814.0,5.1,10월
2378,기장군,3765715.0,7.7,10월
2379,남구,2479173.0,5.0,10월
2380,동구,2781119.0,5.7,10월
2381,동래구,2986437.0,6.1,10월
2382,부산진구,6183558.0,12.6,10월
2383,북구,2039639.0,4.1,10월
2384,사상구,2365833.0,4.8,10월
2385,사하구,1948372.0,4.0,10월
2386,서구,1755627.0,3.6,10월
2387,수영구,3382750.0,6.9,10월
2388,연제구,2495212.0,5.1,10월
2389,영도구,1664762.0,3.4,10월
2390,중구,3498876.0,7.1,10월
2391,해운대구,5799430.0,11.8,10월
2392,남구,2392734.0,8.0,10월
2393,달서구,4533737.0,15.1,10월
2394,달성군,2641785.0,8.8,10월
2395,동구,5155783.0,17.2,10월
2396,북구,4043340.0,13.5,10월
2397,서구,1651372.0,5.5,10월
2398,수성구,4068473.0,13.6,10월
2399,중구,5469346.0,18.3,10월
2400,고창군,1107828.0,5.1,10월
2401,군산시,2427414.0,11.1,10월
2402,김제시,1171759.0,5.4,10월
2403,남원시,1001086.0,4.6,10월
2404,무주군,759556.0,3.5,10월
2405,부안군,1038484.0,4.8,10월
2406,순창군,607380.0,2.8,10월
2407,완주군,1945216.0,8.9,10월
2408,익산시,2049888.0,9.4,10월
2409,임실군,947526.0,4.4,10월
2410,장수군,291911.0,1.3,10월
2411,전주시 덕진구,3205092.0,14.7,10월
2412,전주시 완산구,3464450.0,15.9,10월
2413,정읍시,1258453.0,5.8,10월
2414,진안군,502656.0,2.3,10월
2415,서귀포시,4746751.0,44.2,10월
2416,제주시,6001209.0,55.8,10월
2417,강화군,1796034.0,5.5,10월
2418,계양구,2419140.0,7.5,10월
2419,남동구,4758828.0,14.7,10월
2420,동구,886129.0,2.7,10월
2421,미추홀구,3817170.0,11.8,10월
2422,부평구,4149014.0,12.8,10월
2423,서구,4586852.0,14.2,10월
2424,연수구,3992420.0,12.3,10월
2425,옹진군,685818.0,2.1,10월
2426,중구,5277474.0,16.3,10월
2427,남구,3912089.0,30.9,10월
2428,동구,1181352.0,9.3,10월
2429,북구,2044557.0,16.2,10월
2430,울주군,3231221.0,25.5,10월
2431,중구,2284461.0,18.1,10월
2432,강남구,18929349.0,10.8,10월
2433,강동구,4368270.0,2.5,10월
2434,강북구,2821809.0,1.6,10월
2435,강서구,6925206.0,4.0,10월
2436,관악구,5044312.0,2.9,10월
2437,광진구,6012175.0,3.4,10월
2438,구로구,5408166.0,3.1,10월
2439,금천구,2616960.0,1.5,10월
2440,노원구,4895418.0,2.8,10월
2441,도봉구,2580331.0,1.5,10월
2442,동대문구,4541445.0,2.6,10월
2443,동작구,4852323.0,2.8,10월
2444,마포구,10526893.0,6.0,10월
2445,서대문구,6960519.0,4.0,10월
2446,서초구,13721206.0,7.8,10월
2447,성동구,5231277.0,3.0,10월
2448,성북구,4287450.0,2.5,10월
2449,송파구,10964995.0,6.3,10월
2450,양천구,3185695.0,1.8,10월
2451,영등포구,9764141.0,5.6,10월
2452,용산구,9287163.0,5.3,10월
2453,은평구,3186282.0,1.8,10월
2454,종로구,12714194.0,7.3,10월
2455,중구,12938112.0,7.4,10월
2456,중랑구,3031007.0,1.7,10월
2457,계룡시,758116.0,2.5,10월
2458,공주시,2846559.0,9.5,10월
2459,금산군,1162602.0,3.9,10월
2460,논산시,1562258.0,5.2,10월
2461,당진시,2321782.0,7.7,10월
2462,보령시,1892375.0,6.3,10월
2463,부여군,1159198.0,3.9,10월
2464,서산시,1750646.0,5.8,10월
2465,서천군,1028919.0,3.4,10월
2466,아산시,3138457.0,10.5,10월
2467,예산군,1404485.0,4.7,10월
2468,천안시 동남구,4000541.0,13.3,10월
2469,천안시 서북구,3353714.0,11.2,10월
2470,청양군,422772.0,1.4,10월
2471,태안군,1986423.0,6.6,10월
2472,홍성군,1208276.0,4.0,10월
2473,대덕구,2046769.0,11.1,10월
2474,동구,2866322.0,15.6,10월
2475,서구,4918668.0,26.7,10월
2476,유성구,5052248.0,27.4,10월
2477,중구,3528985.0,19.2,10월
2478,강진군,549789.0,2.3,10월
2479,고흥군,652218.0,2.7,10월
2480,곡성군,524516.0,2.2,10월
2481,광양시,1198696.0,5.0,10월
2482,구례군,583166.0,2.4,10월
2483,나주시,1466473.0,6.2,10월
2484,담양군,1544259.0,6.5,10월
2485,목포시,2382096.0,10.0,10월
2486,무안군,1391083.0,5.8,10월
2487,보성군,675987.0,2.8,10월
2488,순천시,2444855.0,10.3,10월
2489,신안군,714650.0,3.0,10월
2490,여수시,2583808.0,10.8,10월
2491,영광군,701444.0,2.9,10월
2492,영암군,1005707.0,4.2,10월
2493,완도군,553344.0,2.3,10월
2494,장성군,1244999.0,5.2,10월
2495,장흥군,487285.0,2.0,10월
2496,진도군,485563.0,2.0,10월
2497,함평군,699701.0,2.9,10월
2498,해남군,825925.0,3.5,10월
2499,화순군,1128374.0,4.7,10월
2500,강릉시,2602272.0,13.1,11월
2501,고성군,854915.0,4.3,11월
2502,동해시,988903.0,5.0,11월
2503,삼척시,864314.0,4.3,11월
2504,속초시,1917300.0,9.6,11월
2505,양구군,226987.0,1.1,11월
2506,양양군,1072365.0,5.4,11월
2507,영월군,487632.0,2.5,11월
2508,원주시,2617820.0,13.2,11월
2509,인제군,611723.0,3.1,11월
2510,정선군,631652.0,3.2,11월
2511,철원군,602675.0,3.0,11월
2512,춘천시,2652740.0,13.3,11월
2513,태백시,420715.0,2.1,11월
2514,평창군,1066504.0,5.4,11월
2515,홍천군,1182380.0,5.9,11월
2516,화천군,340106.0,1.7,11월
2517,횡성군,756561.0,3.8,11월
2518,가평군,1977177.0,1.3,11월
2519,고양시 덕양구,5251602.0,3.5,11월
2520,고양시 일산동구,4981831.0,3.3,11월
2521,고양시 일산서구,3419474.0,2.3,11월
2522,과천시,1695876.0,1.1,11월
2523,광명시,3325411.0,2.2,11월
2524,광주시,4215313.0,2.8,11월
2525,구리시,3693758.0,2.5,11월
2526,군포시,2119848.0,1.4,11월
2527,김포시,4137737.0,2.8,11월
2528,남양주시,6007065.0,4.0,11월
2529,동두천시,780703.0,0.5,11월
2530,부천시,5660523.0,3.8,11월
2531,성남시 분당구,7086604.0,4.7,11월
2532,성남시 수정구,3378932.0,2.2,11월
2533,성남시 중원구,2206433.0,1.5,11월
2534,수원시 권선구,3327211.0,2.2,11월
2535,수원시 영통구,4612027.0,3.1,11월
2536,수원시 장안구,2826327.0,1.9,11월
2537,수원시 팔달구,5178498.0,3.4,11월
2538,시흥시,4293153.0,2.9,11월
2539,안산시 단원구,4054425.0,2.7,11월
2540,안산시 상록구,2282670.0,1.5,11월
2541,안성시,3011194.0,2.0,11월
2542,안양시 동안구,3395501.0,2.3,11월
2543,안양시 만안구,2510412.0,1.7,11월
2544,양주시,2783439.0,1.9,11월
2545,양평군,2490220.0,1.7,11월
2546,여주시,2228401.0,1.5,11월
2547,연천군,702363.0,0.5,11월
2548,오산시,2403284.0,1.6,11월
2549,용인시 기흥구,4685741.0,3.1,11월
2550,용인시 수지구,2638049.0,1.8,11월
2551,용인시 처인구,4052704.0,2.7,11월
2552,의왕시,2357543.0,1.6,11월
2553,의정부시,3372732.0,2.2,11월
2554,이천시,3417420.0,2.3,11월
2555,파주시,4378616.0,2.9,11월
2556,평택시,4138168.0,2.8,11월
2557,포천시,2455411.0,1.6,11월
2558,하남시,4457248.0,3.0,11월
2559,화성시,8313294.0,5.5,11월
2560,거제시,1745738.0,5.7,11월
2561,거창군,573542.0,1.9,11월
2562,고성군,744007.0,2.4,11월
2563,김해시,3560103.0,11.7,11월
2564,남해군,637362.0,2.1,11월
2565,밀양시,1316343.0,4.3,11월
2566,사천시,1258140.0,4.1,11월
2567,산청군,553920.0,1.8,11월
2568,양산시,2709439.0,8.9,11월
2569,의령군,347085.0,1.1,11월
2570,진주시,1770306.0,5.8,11월
2571,창녕군,751759.0,2.5,11월
2572,창원시 마산합포구,2052353.0,6.7,11월
2573,창원시 마산회원구,1717858.0,5.6,11월
2574,창원시 성산구,2632006.0,8.6,11월
2575,창원시 의창구,2781782.0,9.1,11월
2576,창원시 진해구,1418964.0,4.7,11월
2577,통영시,1285894.0,4.2,11월
2578,하동군,645278.0,2.1,11월
2579,함안군,927203.0,3.0,11월
2580,함양군,455362.0,1.5,11월
2581,합천군,590822.0,1.9,11월
2582,경산시,2410020.0,9.0,11월
2583,경주시,3753114.0,14.0,11월
2584,고령군,507475.0,1.9,11월
2585,구미시,2083688.0,7.8,11월
2586,군위군,590571.0,2.2,11월
2587,김천시,1035481.0,3.9,11월
2588,문경시,935561.0,3.5,11월
2589,봉화군,359176.0,1.3,11월
2590,상주시,1045031.0,3.9,11월
2591,성주군,549154.0,2.0,11월
2592,안동시,1316319.0,4.9,11월
2593,영덕군,742177.0,2.8,11월
2594,영양군,135683.0,0.5,11월
2595,영주시,709580.0,2.6,11월
2596,영천시,967718.0,3.6,11월
2597,예천군,534458.0,2.0,11월
2598,울릉군,109823.0,0.4,11월
2599,울진군,631325.0,2.4,11월
2600,의성군,587227.0,2.2,11월
2601,청도군,826243.0,3.1,11월
2602,청송군,532400.0,2.0,11월
2603,칠곡군,1750489.0,6.5,11월
2604,포항시 남구,2354748.0,8.8,11월
2605,포항시 북구,2337043.0,8.7,11월
2606,광산구,3464625.0,22.3,11월
2607,남구,1602574.0,10.3,11월
2608,동구,2752435.0,17.8,11월
2609,북구,3639924.0,23.5,11월
2610,서구,4044587.0,26.1,11월
2611,세종특별자치시,2475795.0,100.0,11월
2612,괴산군,871326.0,4.3,11월
2613,단양군,789068.0,3.9,11월
2614,보은군,550091.0,2.7,11월
2615,영동군,523392.0,2.6,11월
2616,옥천군,837117.0,4.2,11월
2617,음성군,1683825.0,8.4,11월
2618,제천시,1209903.0,6.0,11월
2619,증평군,466214.0,2.3,11월
2620,진천군,1057783.0,5.3,11월
2621,청주시 상당구,2455889.0,12.3,11월
2622,청주시 서원구,2375007.0,11.8,11월
2623,청주시 청원구,2184727.0,10.9,11월
2624,청주시 흥덕구,2993237.0,14.9,11월
2625,충주시,2046350.0,10.2,11월
2626,강서구,3122263.0,7.0,11월
2627,금정구,2359926.0,5.3,11월
2628,기장군,3221335.0,7.2,11월
2629,남구,2316493.0,5.2,11월
2630,동구,2603057.0,5.8,11월
2631,동래구,2799618.0,6.3,11월
2632,부산진구,5725629.0,12.8,11월
2633,북구,1884534.0,4.2,11월
2634,사상구,2207640.0,4.9,11월
2635,사하구,1800247.0,4.0,11월
2636,서구,1620548.0,3.6,11월
2637,수영구,2885584.0,6.5,11월
2638,연제구,2272037.0,5.1,11월
2639,영도구,1453829.0,3.3,11월
2640,중구,3138074.0,7.0,11월
2641,해운대구,5255393.0,11.8,11월
2642,남구,2244452.0,8.0,11월
2643,달서구,4334546.0,15.5,11월
2644,달성군,2335632.0,8.4,11월
2645,동구,4716464.0,16.9,11월
2646,북구,3828616.0,13.7,11월
2647,서구,1601953.0,5.7,11월
2648,수성구,3909300.0,14.0,11월
2649,중구,4999919.0,17.9,11월
2650,고창군,924862.0,4.8,11월
2651,군산시,2033928.0,10.5,11월
2652,김제시,1069311.0,5.5,11월
2653,남원시,859259.0,4.5,11월
2654,무주군,569836.0,3.0,11월
2655,부안군,866638.0,4.5,11월
2656,순창군,623768.0,3.2,11월
2657,완주군,1732690.0,9.0,11월
2658,익산시,1828508.0,9.5,11월
2659,임실군,741338.0,3.8,11월
2660,장수군,235605.0,1.2,11월
2661,전주시 덕진구,3002980.0,15.6,11월
2662,전주시 완산구,3174055.0,16.4,11월
2663,정읍시,1232574.0,6.4,11월
2664,진안군,408021.0,2.1,11월
2665,서귀포시,4000708.0,43.5,11월
2666,제주시,5196776.0,56.5,11월
2667,강화군,1368095.0,4.6,11월
2668,계양구,2267905.0,7.7,11월
2669,남동구,4394402.0,14.8,11월
2670,동구,853829.0,2.9,11월
2671,미추홀구,3600707.0,12.2,11월
2672,부평구,3898536.0,13.2,11월
2673,서구,4280277.0,14.4,11월
2674,연수구,3607977.0,12.2,11월
2675,옹진군,473281.0,1.6,11월
2676,중구,4877870.0,16.5,11월
2677,남구,3539690.0,32.0,11월
2678,동구,999460.0,9.0,11월
2679,북구,1810467.0,16.4,11월
2680,울주군,2778797.0,25.1,11월
2681,중구,1944597.0,17.6,11월
2682,강남구,18615799.0,11.3,11월
2683,강동구,4125471.0,2.5,11월
2684,강북구,2589355.0,1.6,11월
2685,강서구,6382468.0,3.9,11월
2686,관악구,4743654.0,2.9,11월
2687,광진구,5628397.0,3.4,11월
2688,구로구,5369634.0,3.3,11월
2689,금천구,2475822.0,1.5,11월
2690,노원구,4644590.0,2.8,11월
2691,도봉구,2441560.0,1.5,11월
2692,동대문구,4471907.0,2.7,11월
2693,동작구,4732339.0,2.9,11월
2694,마포구,9609249.0,5.8,11월
2695,서대문구,6918042.0,4.2,11월
2696,서초구,13109360.0,7.9,11월
2697,성동구,5107338.0,3.1,11월
2698,성북구,4105617.0,2.5,11월
2699,송파구,9819012.0,5.9,11월
2700,양천구,3071751.0,1.9,11월
2701,영등포구,9238393.0,5.6,11월
2702,용산구,8158791.0,4.9,11월
2703,은평구,2986966.0,1.8,11월
2704,종로구,11663931.0,7.1,11월
2705,중구,12191222.0,7.4,11월
2706,중랑구,2827854.0,1.7,11월
2707,계룡시,487656.0,1.9,11월
2708,공주시,2251764.0,8.9,11월
2709,금산군,855592.0,3.4,11월
2710,논산시,1356336.0,5.4,11월
2711,당진시,1924144.0,7.6,11월
2712,보령시,1377419.0,5.5,11월
2713,부여군,892927.0,3.5,11월
2714,서산시,1481030.0,5.9,11월
2715,서천군,787934.0,3.1,11월
2716,아산시,2999367.0,11.9,11월
2717,예산군,1289698.0,5.1,11월
2718,천안시 동남구,3713342.0,14.7,11월
2719,천안시 서북구,3131802.0,12.4,11월
2720,청양군,371747.0,1.5,11월
2721,태안군,1257973.0,5.0,11월
2722,홍성군,1015823.0,4.0,11월
2723,대덕구,1931703.0,11.4,11월
2724,동구,2713630.0,16.0,11월
2725,서구,4643869.0,27.4,11월
2726,유성구,4537950.0,26.8,11월
2727,중구,3118095.0,18.4,11월
2728,강진군,463366.0,2.3,11월
2729,고흥군,528199.0,2.6,11월
2730,곡성군,435851.0,2.1,11월
2731,광양시,1072524.0,5.2,11월
2732,구례군,468504.0,2.3,11월
2733,나주시,1325609.0,6.5,11월
2734,담양군,1393089.0,6.8,11월
2735,목포시,2064041.0,10.1,11월
2736,무안군,1215079.0,5.9,11월
2737,보성군,573816.0,2.8,11월
2738,순천시,2161058.0,10.5,11월
2739,신안군,540134.0,2.6,11월
2740,여수시,2115481.0,10.3,11월
2741,영광군,560463.0,2.7,11월
2742,영암군,945050.0,4.6,11월
2743,완도군,456507.0,2.2,11월
2744,장성군,1016884.0,5.0,11월
2745,장흥군,430602.0,2.1,11월
2746,진도군,411508.0,2.0,11월
2747,함평군,564846.0,2.8,11월
2748,해남군,746285.0,3.6,11월
2749,화순군,1039295.0,5.1,11월
2750,강릉시,2529498.0,13.7,12월
2751,고성군,920543.0,5.0,12월
2752,동해시,847918.0,4.6,12월
2753,삼척시,746897.0,4.0,12월
2754,속초시,1894441.0,10.2,12월
2755,양구군,198860.0,1.1,12월
2756,양양군,992753.0,5.4,12월
2757,영월군,371415.0,2.0,12월
2758,원주시,2255301.0,12.2,12월
2759,인제군,531890.0,2.9,12월
2760,정선군,732523.0,4.0,12월
2761,철원군,418127.0,2.3,12월
2762,춘천시,2172745.0,11.7,12월
2763,태백시,312941.0,1.7,12월
2764,평창군,1353984.0,7.3,12월
2765,홍천군,1236646.0,6.7,12월
2766,화천군,263717.0,1.4,12월
2767,횡성군,738349.0,4.0,12월
2768,가평군,1491648.0,1.0,12월
2769,고양시 덕양구,5159127.0,3.6,12월
2770,고양시 일산동구,5166994.0,3.6,12월
2771,고양시 일산서구,3380160.0,2.4,12월
2772,과천시,1431376.0,1.0,12월
2773,광명시,3405589.0,2.4,12월
2774,광주시,3369463.0,2.3,12월
2775,구리시,3624177.0,2.5,12월
2776,군포시,2121129.0,1.5,12월
2777,김포시,4020849.0,2.8,12월
2778,남양주시,5326585.0,3.7,12월
2779,동두천시,711367.0,0.5,12월
2780,부천시,5858187.0,4.1,12월
2781,성남시 분당구,7252636.0,5.1,12월
2782,성남시 수정구,3382914.0,2.4,12월
2783,성남시 중원구,2311632.0,1.6,12월
2784,수원시 권선구,3529652.0,2.5,12월
2785,수원시 영통구,4693228.0,3.3,12월
2786,수원시 장안구,2861969.0,2.0,12월
2787,수원시 팔달구,5362280.0,3.7,12월
2788,시흥시,4182763.0,2.9,12월
2789,안산시 단원구,4040766.0,2.8,12월
2790,안산시 상록구,2287464.0,1.6,12월
2791,안성시,2446128.0,1.7,12월
2792,안양시 동안구,3555627.0,2.5,12월
2793,안양시 만안구,2403916.0,1.7,12월
2794,양주시,2482366.0,1.7,12월
2795,양평군,1926597.0,1.3,12월
2796,여주시,1657213.0,1.2,12월
2797,연천군,597255.0,0.4,12월
2798,오산시,2331020.0,1.6,12월
2799,용인시 기흥구,4692517.0,3.3,12월
2800,용인시 수지구,2805641.0,2.0,12월
2801,용인시 처인구,3229068.0,2.3,12월
2802,의왕시,2254948.0,1.6,12월
2803,의정부시,3418340.0,2.4,12월
2804,이천시,2896313.0,2.0,12월
2805,파주시,3942668.0,2.7,12월
2806,평택시,3810250.0,2.7,12월
2807,포천시,1842842.0,1.3,12월
2808,하남시,4599569.0,3.2,12월
2809,화성시,7597732.0,5.3,12월
2810,거제시,1791404.0,6.2,12월
2811,거창군,415911.0,1.4,12월
2812,고성군,685501.0,2.4,12월
2813,김해시,3556792.0,12.3,12월
2814,남해군,578296.0,2.0,12월
2815,밀양시,1043474.0,3.6,12월
2816,사천시,1198624.0,4.1,12월
2817,산청군,420496.0,1.5,12월
2818,양산시,2581040.0,8.9,12월
2819,의령군,286156.0,1.0,12월
2820,진주시,1735982.0,6.0,12월
2821,창녕군,697746.0,2.4,12월
2822,창원시 마산합포구,2038626.0,7.0,12월
2823,창원시 마산회원구,1745799.0,6.0,12월
2824,창원시 성산구,2713240.0,9.4,12월
2825,창원시 의창구,2707255.0,9.4,12월
2826,창원시 진해구,1479245.0,5.1,12월
2827,통영시,1236541.0,4.3,12월
2828,하동군,446746.0,1.5,12월
2829,함안군,772932.0,2.7,12월
2830,함양군,371270.0,1.3,12월
2831,합천군,420415.0,1.5,12월
2832,경산시,2302472.0,9.1,12월
2833,경주시,3417810.0,13.6,12월
2834,고령군,409085.0,1.6,12월
2835,구미시,2046702.0,8.1,12월
2836,군위군,456219.0,1.8,12월
2837,김천시,922640.0,3.7,12월
2838,문경시,689314.0,2.7,12월
2839,봉화군,272422.0,1.1,12월
2840,상주시,1164107.0,4.6,12월
2841,성주군,504919.0,2.0,12월
2842,안동시,1312774.0,5.2,12월
2843,영덕군,730663.0,2.9,12월
2844,영양군,95007.0,0.4,12월
2845,영주시,590326.0,2.3,12월
2846,영천시,1133173.0,4.5,12월
2847,예천군,577276.0,2.3,12월
2848,울릉군,65653.0,0.3,12월
2849,울진군,595326.0,2.4,12월
2850,의성군,508429.0,2.0,12월
2851,청도군,771879.0,3.1,12월
2852,청송군,313805.0,1.2,12월
2853,칠곡군,1541502.0,6.1,12월
2854,포항시 남구,2388743.0,9.5,12월
2855,포항시 북구,2386835.0,9.5,12월
2856,광산구,3445255.0,22.4,12월
2857,남구,1615914.0,10.5,12월
2858,동구,2696166.0,17.6,12월
2859,북구,3491878.0,22.8,12월
2860,서구,4097480.0,26.7,12월
2861,세종특별자치시,2434493.0,100.0,12월
2862,괴산군,570931.0,3.3,12월
2863,단양군,471647.0,2.7,12월
2864,보은군,342929.0,2.0,12월
2865,영동군,423760.0,2.4,12월
2866,옥천군,683097.0,3.9,12월
2867,음성군,1356072.0,7.7,12월
2868,제천시,940036.0,5.4,12월
2869,증평군,422266.0,2.4,12월
2870,진천군,878049.0,5.0,12월
2871,청주시 상당구,2318354.0,13.2,12월
2872,청주시 서원구,2369074.0,13.5,12월
2873,청주시 청원구,2068835.0,11.8,12월
2874,청주시 흥덕구,2962825.0,16.9,12월
2875,충주시,1694514.0,9.7,12월
2876,강서구,3079993.0,6.6,12월
2877,금정구,2303101.0,4.9,12월
2878,기장군,3275110.0,7.0,12월
2879,남구,2422861.0,5.2,12월
2880,동구,2689323.0,5.7,12월
2881,동래구,3023819.0,6.4,12월
2882,부산진구,6142012.0,13.1,12월
2883,북구,1963672.0,4.2,12월
2884,사상구,2256647.0,4.8,12월
2885,사하구,1862347.0,4.0,12월
2886,서구,1571383.0,3.3,12월
2887,수영구,3143156.0,6.7,12월
2888,연제구,2447062.0,5.2,12월
2889,영도구,1504929.0,3.2,12월
2890,중구,3444291.0,7.3,12월
2891,해운대구,5797922.0,12.4,12월
2892,남구,2152580.0,7.5,12월
2893,달서구,4411135.0,15.3,12월
2894,달성군,2178887.0,7.6,12월
2895,동구,4887828.0,17.0,12월
2896,북구,3969321.0,13.8,12월
2897,서구,1655791.0,5.8,12월
2898,수성구,4043268.0,14.1,12월
2899,중구,5464250.0,19.0,12월
2900,고창군,571018.0,3.5,12월
2901,군산시,1729762.0,10.7,12월
2902,김제시,819885.0,5.1,12월
2903,남원시,616818.0,3.8,12월
2904,무주군,667239.0,4.1,12월
2905,부안군,642209.0,4.0,12월
2906,순창군,276888.0,1.7,12월
2907,완주군,1393930.0,8.7,12월
2908,익산시,1684925.0,10.5,12월
2909,임실군,462250.0,2.9,12월
2910,장수군,153317.0,1.0,12월
2911,전주시 덕진구,2916307.0,18.1,12월
2912,전주시 완산구,3192601.0,19.8,12월
2913,정읍시,732855.0,4.6,12월
2914,진안군,245628.0,1.5,12월
2915,서귀포시,3580248.0,43.0,12월
2916,제주시,4749068.0,57.0,12월
2917,강화군,1051873.0,3.5,12월
2918,계양구,2236111.0,7.5,12월
2919,남동구,4294590.0,14.5,12월
2920,동구,818263.0,2.8,12월
2921,미추홀구,3511136.0,11.8,12월
2922,부평구,4030823.0,13.6,12월
2923,서구,4301466.0,14.5,12월
2924,연수구,3920640.0,13.2,12월
2925,옹진군,346937.0,1.2,12월
2926,중구,5139041.0,17.3,12월
2927,남구,3666446.0,32.8,12월
2928,동구,997331.0,8.9,12월
2929,북구,1934910.0,17.3,12월
2930,울주군,2571921.0,23.0,12월
2931,중구,2022308.0,18.1,12월
2932,강남구,18959450.0,11.4,12월
2933,강동구,4101143.0,2.5,12월
2934,강북구,2634796.0,1.6,12월
2935,강서구,6426137.0,3.9,12월
2936,관악구,4729715.0,2.9,12월
2937,광진구,5520108.0,3.3,12월
2938,구로구,5192679.0,3.1,12월
2939,금천구,2432102.0,1.5,12월
2940,노원구,4494870.0,2.7,12월
2941,도봉구,2357909.0,1.4,12월
2942,동대문구,4328906.0,2.6,12월
2943,동작구,4875417.0,2.9,12월
2944,마포구,9812722.0,5.9,12월
2945,서대문구,6942565.0,4.2,12월
2946,서초구,13538753.0,8.2,12월
2947,성동구,4889794.0,3.0,12월
2948,성북구,3897654.0,2.4,12월
2949,송파구,10526152.0,6.4,12월
2950,양천구,3026279.0,1.8,12월
2951,영등포구,9270251.0,5.6,12월
2952,용산구,8207881.0,5.0,12월
2953,은평구,3037290.0,1.8,12월
2954,종로구,11266919.0,6.8,12월
2955,중구,12298380.0,7.4,12월
2956,중랑구,2854737.0,1.7,12월
2957,계룡시,384349.0,1.8,12월
2958,공주시,1806057.0,8.4,12월
2959,금산군,613859.0,2.9,12월
2960,논산시,1144060.0,5.3,12월
2961,당진시,1524412.0,7.1,12월
2962,보령시,1202698.0,5.6,12월
2963,부여군,688568.0,3.2,12월
2964,서산시,1220702.0,5.7,12월
2965,서천군,607213.0,2.8,12월
2966,아산시,2692808.0,12.5,12월
2967,예산군,1038752.0,4.8,12월
2968,천안시 동남구,3377489.0,15.7,12월
2969,천안시 서북구,3114660.0,14.5,12월
2970,청양군,299957.0,1.4,12월
2971,태안군,897158.0,4.2,12월
2972,홍성군,890675.0,4.1,12월
2973,대덕구,1875204.0,10.8,12월
2974,동구,2735284.0,15.7,12월
2975,서구,4878876.0,28.0,12월
2976,유성구,4588504.0,26.3,12월
2977,중구,3348974.0,19.2,12월
2978,강진군,368703.0,2.1,12월
2979,고흥군,459873.0,2.6,12월
2980,곡성군,340808.0,2.0,12월
2981,광양시,1013023.0,5.8,12월
2982,구례군,290280.0,1.7,12월
2983,나주시,1150628.0,6.6,12월
2984,담양군,975051.0,5.6,12월
2985,목포시,2000897.0,11.5,12월
2986,무안군,1118706.0,6.4,12월
2987,보성군,486005.0,2.8,12월
2988,순천시,1904364.0,10.9,12월
2989,신안군,449084.0,2.6,12월
2990,여수시,2008720.0,11.5,12월
2991,영광군,447775.0,2.6,12월
2992,영암군,731314.0,4.2,12월
2993,완도군,405082.0,2.3,12월
2994,장성군,691983.0,4.0,12월
2995,장흥군,375379.0,2.2,12월
2996,진도군,370669.0,2.1,12월
2997,함평군,408970.0,2.3,12월
2998,해남군,636277.0,3.6,12월
2999,화순군,803233.0,4.6,12월
